case,scenario,config,seed,appreciation,seconds,evaluations,temperature,settings
Beerwiser,Base case,baseline,1,65.71158961508966,0.31569600000511855,3109,1.0,"{'n_starts': 1, 'n_hops': 100, 'temperature': 1.0, 'step_frac': 0.3}"
Beerwiser,Base case,baseline,2,65.71158958595589,0.29989979999663774,2904,1.0,"{'n_starts': 1, 'n_hops': 100, 'temperature': 1.0, 'step_frac': 0.3}"
Beerwiser,Base case,baseline,3,65.71158885824802,0.29220879999775207,2818,1.0,"{'n_starts': 1, 'n_hops': 100, 'temperature': 1.0, 'step_frac': 0.3}"
Beerwiser,Base case,baseline,4,65.71158949927394,0.3015058000019053,3005,1.0,"{'n_starts': 1, 'n_hops': 100, 'temperature': 1.0, 'step_frac': 0.3}"
Beerwiser,Base case,baseline,5,65.71158983311778,0.3668021999983466,3666,1.0,"{'n_starts': 1, 'n_hops': 100, 'temperature': 1.0, 'step_frac': 0.3}"
Beerwiser,Base case,restarts 5x20,1,65.71158772300848,0.24514809999527643,2362,1.0,"{'n_starts': 5, 'n_hops': 20, 'temperature': 1.0, 'step_frac': 0.3}"
Beerwiser,Base case,restarts 5x20,2,65.7116087245058,0.2928821000023163,2826,1.0,"{'n_starts': 5, 'n_hops': 20, 'temperature': 1.0, 'step_frac': 0.3}"
Beerwiser,Base case,restarts 5x20,3,65.71158979541076,0.2996237999977893,2935,1.0,"{'n_starts': 5, 'n_hops': 20, 'temperature': 1.0, 'step_frac': 0.3}"
Beerwiser,Base case,restarts 5x20,4,65.71158967867078,0.34079449999990175,3347,1.0,"{'n_starts': 5, 'n_hops': 20, 'temperature': 1.0, 'step_frac': 0.3}"
Beerwiser,Base case,restarts 5x20,5,65.71158983311778,0.35395680000510765,3507,1.0,"{'n_starts': 5, 'n_hops': 20, 'temperature': 1.0, 'step_frac': 0.3}"
Beerwiser,Base case,T=0.1,1,65.71158961508966,0.3062539000020479,2979,0.1,"{'n_starts': 1, 'n_hops': 100, 'temperature': 0.1, 'step_frac': 0.3}"
Beerwiser,Base case,T=0.1,2,65.71158958595589,0.2986749999981839,2805,0.1,"{'n_starts': 1, 'n_hops': 100, 'temperature': 0.1, 'step_frac': 0.3}"
Beerwiser,Base case,T=0.1,3,65.71158885824802,0.2940223999976297,2818,0.1,"{'n_starts': 1, 'n_hops': 100, 'temperature': 0.1, 'step_frac': 0.3}"
Beerwiser,Base case,T=0.1,4,65.71158949927394,0.3196669000026304,3113,0.1,"{'n_starts': 1, 'n_hops': 100, 'temperature': 0.1, 'step_frac': 0.3}"
Beerwiser,Base case,T=0.1,5,65.71158983311778,0.3618551999970805,3674,0.1,"{'n_starts': 1, 'n_hops': 100, 'temperature': 0.1, 'step_frac': 0.3}"
Beerwiser,Base case,T=5,1,65.71158961508966,0.3156830000007176,3109,5.0,"{'n_starts': 1, 'n_hops': 100, 'temperature': 5.0, 'step_frac': 0.3}"
Beerwiser,Base case,T=5,2,65.71158958595589,0.29492469999968307,2904,5.0,"{'n_starts': 1, 'n_hops': 100, 'temperature': 5.0, 'step_frac': 0.3}"
Beerwiser,Base case,T=5,3,65.71158885824802,0.29112609999720007,2818,5.0,"{'n_starts': 1, 'n_hops': 100, 'temperature': 5.0, 'step_frac': 0.3}"
Beerwiser,Base case,T=5,4,65.71158949927394,0.3008082999949693,2945,5.0,"{'n_starts': 1, 'n_hops': 100, 'temperature': 5.0, 'step_frac': 0.3}"
Beerwiser,Base case,T=5,5,65.71158983311778,0.3643006999991485,3666,5.0,"{'n_starts': 1, 'n_hops': 100, 'temperature': 5.0, 'step_frac': 0.3}"
Beerwiser,Base case,T=auto,1,65.71158961508966,0.31557690000045113,3141,3.0884693797061233,"{'n_starts': 1, 'n_hops': 100, 'temperature': 3.0884693797061233, 'step_frac': 0.3}"
Beerwiser,Base case,T=auto,2,65.71158958595589,0.30247399999643676,2936,1.2072662255685342,"{'n_starts': 1, 'n_hops': 100, 'temperature': 1.2072662255685342, 'step_frac': 0.3}"
Beerwiser,Base case,T=auto,3,65.71158885824802,0.2957557999980054,2850,3.171538725771231,"{'n_starts': 1, 'n_hops': 100, 'temperature': 3.171538725771231, 'step_frac': 0.3}"
Beerwiser,Base case,T=auto,4,65.71158949927394,0.30906559999857564,3037,3.1171352494741766,"{'n_starts': 1, 'n_hops': 100, 'temperature': 3.1171352494741766, 'step_frac': 0.3}"
Beerwiser,Base case,T=auto,5,65.71158983311778,0.3702757000064594,3698,3.1452023453779874,"{'n_starts': 1, 'n_hops': 100, 'temperature': 3.1452023453779874, 'step_frac': 0.3}"
Beerwiser,Base case,wide kick,1,65.7115874670506,0.27425989999755984,2600,1.0,"{'n_starts': 1, 'n_hops': 100, 'temperature': 1.0, 'step_frac': 1.0}"
Beerwiser,Base case,wide kick,2,65.7115891344715,0.2642561999964528,2503,1.0,"{'n_starts': 1, 'n_hops': 100, 'temperature': 1.0, 'step_frac': 1.0}"
Beerwiser,Base case,wide kick,3,65.71158949581385,0.24075789999915287,2266,1.0,"{'n_starts': 1, 'n_hops': 100, 'temperature': 1.0, 'step_frac': 1.0}"
Beerwiser,Base case,wide kick,4,65.711589511906,0.26598440000088885,2555,1.0,"{'n_starts': 1, 'n_hops': 100, 'temperature': 1.0, 'step_frac': 1.0}"
Beerwiser,Base case,wide kick,5,65.71158901508633,0.2801465000011376,2665,1.0,"{'n_starts': 1, 'n_hops': 100, 'temperature': 1.0, 'step_frac': 1.0}"
Beerwiser,Base case,inner=Powell,1,65.70141959607072,0.8347594999941066,11299,1.0,"{'n_starts': 1, 'n_hops': 100, 'temperature': 1.0, 'step_frac': 0.3}"
Beerwiser,Base case,inner=Powell,2,65.70141959607074,0.8208091999986209,11084,1.0,"{'n_starts': 1, 'n_hops': 100, 'temperature': 1.0, 'step_frac': 0.3}"
Beerwiser,Base case,inner=Powell,3,65.70141959607074,0.7949735000001965,10946,1.0,"{'n_starts': 1, 'n_hops': 100, 'temperature': 1.0, 'step_frac': 0.3}"
Beerwiser,Base case,inner=Powell,4,65.70141959607072,0.7755592000030447,10557,1.0,"{'n_starts': 1, 'n_hops': 100, 'temperature': 1.0, 'step_frac': 0.3}"
Beerwiser,Base case,inner=Powell,5,65.70141959607074,0.8464181000017561,11429,1.0,"{'n_starts': 1, 'n_hops': 100, 'temperature': 1.0, 'step_frac': 0.3}"
Beerwiser,Base case,inner=COBYLA,1,65.71133217506045,1.7642348000008496,2962,1.0,"{'n_starts': 1, 'n_hops': 100, 'temperature': 1.0, 'step_frac': 0.3}"
Beerwiser,Base case,inner=COBYLA,2,65.71129348130508,1.7453687000015634,3011,1.0,"{'n_starts': 1, 'n_hops': 100, 'temperature': 1.0, 'step_frac': 0.3}"
Beerwiser,Base case,inner=COBYLA,3,65.71133822608755,1.8363909000036074,2910,1.0,"{'n_starts': 1, 'n_hops': 100, 'temperature': 1.0, 'step_frac': 0.3}"
Beerwiser,Base case,inner=COBYLA,4,65.70141959607055,1.769769799997448,2984,1.0,"{'n_starts': 1, 'n_hops': 100, 'temperature': 1.0, 'step_frac': 0.3}"
Beerwiser,Base case,inner=COBYLA,5,65.71145765030418,1.839213799998106,3009,1.0,"{'n_starts': 1, 'n_hops': 100, 'temperature': 1.0, 'step_frac': 0.3}"
Refugee,Base case,baseline,1,96.87155508575162,3.3899611000015284,13220,1.0,"{'n_starts': 1, 'n_hops': 100, 'temperature': 1.0, 'step_frac': 0.3}"
Refugee,Base case,baseline,2,96.78803114232124,3.053939999997965,11823,1.0,"{'n_starts': 1, 'n_hops': 100, 'temperature': 1.0, 'step_frac': 0.3}"
Refugee,Base case,baseline,3,96.87082059311038,3.820474500003911,15054,1.0,"{'n_starts': 1, 'n_hops': 100, 'temperature': 1.0, 'step_frac': 0.3}"
Refugee,Base case,baseline,4,96.87215914307566,3.572092700000212,14132,1.0,"{'n_starts': 1, 'n_hops': 100, 'temperature': 1.0, 'step_frac': 0.3}"
Refugee,Base case,baseline,5,96.81545615976908,3.3175008000034722,12919,1.0,"{'n_starts': 1, 'n_hops': 100, 'temperature': 1.0, 'step_frac': 0.3}"
Refugee,Base case,restarts 5x20,1,96.87168494199716,3.301760700000159,12846,1.0,"{'n_starts': 5, 'n_hops': 20, 'temperature': 1.0, 'step_frac': 0.3}"
Refugee,Base case,restarts 5x20,2,85.2262967228848,3.304677100000845,12987,1.0,"{'n_starts': 5, 'n_hops': 20, 'temperature': 1.0, 'step_frac': 0.3}"
Refugee,Base case,restarts 5x20,3,96.87082059311038,3.4100709999984247,13219,1.0,"{'n_starts': 5, 'n_hops': 20, 'temperature': 1.0, 'step_frac': 0.3}"
Refugee,Base case,restarts 5x20,4,96.85452599961303,3.29687240000203,12846,1.0,"{'n_starts': 5, 'n_hops': 20, 'temperature': 1.0, 'step_frac': 0.3}"
Refugee,Base case,restarts 5x20,5,85.2262967228848,3.485796400003892,13581,1.0,"{'n_starts': 5, 'n_hops': 20, 'temperature': 1.0, 'step_frac': 0.3}"
Refugee,Base case,T=0.1,1,96.87157179750452,3.442393000004813,13318,0.1,"{'n_starts': 1, 'n_hops': 100, 'temperature': 0.1, 'step_frac': 0.3}"
Refugee,Base case,T=0.1,2,96.78803114232124,3.041035499998543,11823,0.1,"{'n_starts': 1, 'n_hops': 100, 'temperature': 0.1, 'step_frac': 0.3}"
Refugee,Base case,T=0.1,3,96.87082059311038,3.626130299999204,14163,0.1,"{'n_starts': 1, 'n_hops': 100, 'temperature': 0.1, 'step_frac': 0.3}"
Refugee,Base case,T=0.1,4,96.86927914664332,3.6381806999997934,14318,0.1,"{'n_starts': 1, 'n_hops': 100, 'temperature': 0.1, 'step_frac': 0.3}"
Refugee,Base case,T=0.1,5,96.81545615976908,3.310692499995639,12919,0.1,"{'n_starts': 1, 'n_hops': 100, 'temperature': 0.1, 'step_frac': 0.3}"
Refugee,Base case,T=5,1,96.87155508575162,3.4975323999969987,13125,5.0,"{'n_starts': 1, 'n_hops': 100, 'temperature': 5.0, 'step_frac': 0.3}"
Refugee,Base case,T=5,2,96.78803114232124,3.0357938000015565,11823,5.0,"{'n_starts': 1, 'n_hops': 100, 'temperature': 5.0, 'step_frac': 0.3}"
Refugee,Base case,T=5,3,96.87070897415983,3.8494495999984792,14852,5.0,"{'n_starts': 1, 'n_hops': 100, 'temperature': 5.0, 'step_frac': 0.3}"
Refugee,Base case,T=5,4,96.86927914664332,3.1678670999972383,12315,5.0,"{'n_starts': 1, 'n_hops': 100, 'temperature': 5.0, 'step_frac': 0.3}"
Refugee,Base case,T=5,5,96.81545210377611,3.2879146999985096,12917,5.0,"{'n_starts': 1, 'n_hops': 100, 'temperature': 5.0, 'step_frac': 0.3}"
Refugee,Base case,T=auto,1,96.86261157867649,3.234563599995454,12329,21.331859448432745,"{'n_starts': 1, 'n_hops': 100, 'temperature': 21.331859448432745, 'step_frac': 0.3}"
Refugee,Base case,T=auto,2,96.74082883639637,3.020150200005446,12024,24.254762380098622,"{'n_starts': 1, 'n_hops': 100, 'temperature': 24.254762380098622, 'step_frac': 0.3}"
Refugee,Base case,T=auto,3,96.87145465461568,3.6562362000040594,14455,24.905229364588198,"{'n_starts': 1, 'n_hops': 100, 'temperature': 24.905229364588198, 'step_frac': 0.3}"
Refugee,Base case,T=auto,4,96.7405310475993,3.1505412999977125,12445,19.98269643284099,"{'n_starts': 1, 'n_hops': 100, 'temperature': 19.98269643284099, 'step_frac': 0.3}"
Refugee,Base case,T=auto,5,96.73861742853448,3.284495899999456,12670,24.42035233456879,"{'n_starts': 1, 'n_hops': 100, 'temperature': 24.42035233456879, 'step_frac': 0.3}"
Refugee,Base case,wide kick,1,96.87209612496821,4.116746499996225,16004,1.0,"{'n_starts': 1, 'n_hops': 100, 'temperature': 1.0, 'step_frac': 1.0}"
Refugee,Base case,wide kick,2,96.87149757268404,3.8555591000040295,15216,1.0,"{'n_starts': 1, 'n_hops': 100, 'temperature': 1.0, 'step_frac': 1.0}"
Refugee,Base case,wide kick,3,96.87070897415983,3.5783029999947757,13902,1.0,"{'n_starts': 1, 'n_hops': 100, 'temperature': 1.0, 'step_frac': 1.0}"
Refugee,Base case,wide kick,4,96.87199386189712,3.468354899996484,13622,1.0,"{'n_starts': 1, 'n_hops': 100, 'temperature': 1.0, 'step_frac': 1.0}"
Refugee,Base case,wide kick,5,96.87200782663572,3.536952200003725,14087,1.0,"{'n_starts': 1, 'n_hops': 100, 'temperature': 1.0, 'step_frac': 1.0}"
Refugee,Base case,inner=Powell,1,96.8714083032647,14.76558610000211,61716,1.0,"{'n_starts': 1, 'n_hops': 100, 'temperature': 1.0, 'step_frac': 0.3}"
Refugee,Base case,inner=Powell,2,96.87217701570657,15.562989699996251,65510,1.0,"{'n_starts': 1, 'n_hops': 100, 'temperature': 1.0, 'step_frac': 0.3}"
Refugee,Base case,inner=Powell,3,96.87194531143182,15.037794199997734,63555,1.0,"{'n_starts': 1, 'n_hops': 100, 'temperature': 1.0, 'step_frac': 0.3}"
Refugee,Base case,inner=Powell,4,96.861844968787,13.784707899998466,56749,1.0,"{'n_starts': 1, 'n_hops': 100, 'temperature': 1.0, 'step_frac': 0.3}"
Refugee,Base case,inner=Powell,5,96.87217638895206,14.98206310000387,64202,1.0,"{'n_starts': 1, 'n_hops': 100, 'temperature': 1.0, 'step_frac': 0.3}"
Refugee,Base case,inner=COBYLA,1,96.8721434304619,6.755915800000366,6507,1.0,"{'n_starts': 1, 'n_hops': 100, 'temperature': 1.0, 'step_frac': 0.3}"
Refugee,Base case,inner=COBYLA,2,96.87191916389331,6.693221099994844,6336,1.0,"{'n_starts': 1, 'n_hops': 100, 'temperature': 1.0, 'step_frac': 0.3}"
Refugee,Base case,inner=COBYLA,3,96.87207833179636,6.659306399997149,6449,1.0,"{'n_starts': 1, 'n_hops': 100, 'temperature': 1.0, 'step_frac': 0.3}"
Refugee,Base case,inner=COBYLA,4,96.87217356952408,6.563189699998475,6459,1.0,"{'n_starts': 1, 'n_hops': 100, 'temperature': 1.0, 'step_frac': 0.3}"
Refugee,Base case,inner=COBYLA,5,96.87206682183454,6.753527300003043,6622,1.0,"{'n_starts': 1, 'n_hops': 100, 'temperature': 1.0, 'step_frac': 0.3}"
IZZ,Base case,baseline,1,69.19043081811175,8.450908799997706,30417,1.0,"{'n_starts': 1, 'n_hops': 100, 'temperature': 1.0, 'step_frac': 0.3}"
IZZ,Base case,baseline,2,69.19055086717847,8.12869640000281,28937,1.0,"{'n_starts': 1, 'n_hops': 100, 'temperature': 1.0, 'step_frac': 0.3}"
IZZ,Base case,baseline,3,69.1905320950453,8.625812300000689,30286,1.0,"{'n_starts': 1, 'n_hops': 100, 'temperature': 1.0, 'step_frac': 0.3}"
IZZ,Base case,baseline,4,69.1905312850606,8.149450599994452,28965,1.0,"{'n_starts': 1, 'n_hops': 100, 'temperature': 1.0, 'step_frac': 0.3}"
IZZ,Base case,baseline,5,69.1904769455953,8.797363999998197,29763,1.0,"{'n_starts': 1, 'n_hops': 100, 'temperature': 1.0, 'step_frac': 0.3}"
IZZ,Base case,restarts 5x20,1,69.19046418211364,8.259535600001982,29682,1.0,"{'n_starts': 5, 'n_hops': 20, 'temperature': 1.0, 'step_frac': 0.3}"
IZZ,Base case,restarts 5x20,2,69.1904471041174,7.9797174999985145,29107,1.0,"{'n_starts': 5, 'n_hops': 20, 'temperature': 1.0, 'step_frac': 0.3}"
IZZ,Base case,restarts 5x20,3,69.19045864372563,8.154147300003387,29538,1.0,"{'n_starts': 5, 'n_hops': 20, 'temperature': 1.0, 'step_frac': 0.3}"
IZZ,Base case,restarts 5x20,4,69.1905312850606,7.614184300000488,27838,1.0,"{'n_starts': 5, 'n_hops': 20, 'temperature': 1.0, 'step_frac': 0.3}"
IZZ,Base case,restarts 5x20,5,69.19049088037832,8.262587699995493,30004,1.0,"{'n_starts': 5, 'n_hops': 20, 'temperature': 1.0, 'step_frac': 0.3}"
IZZ,Base case,T=0.1,1,69.19047854419465,8.12076540000271,29779,0.1,"{'n_starts': 1, 'n_hops': 100, 'temperature': 0.1, 'step_frac': 0.3}"
IZZ,Base case,T=0.1,2,69.19041935681419,7.590230399997381,27580,0.1,"{'n_starts': 1, 'n_hops': 100, 'temperature': 0.1, 'step_frac': 0.3}"
IZZ,Base case,T=0.1,3,69.19053535246849,7.734328300000925,28331,0.1,"{'n_starts': 1, 'n_hops': 100, 'temperature': 0.1, 'step_frac': 0.3}"
IZZ,Base case,T=0.1,4,69.1905312850606,7.885952199998428,28597,0.1,"{'n_starts': 1, 'n_hops': 100, 'temperature': 0.1, 'step_frac': 0.3}"
IZZ,Base case,T=0.1,5,69.19055045501638,8.000568200004636,29049,0.1,"{'n_starts': 1, 'n_hops': 100, 'temperature': 0.1, 'step_frac': 0.3}"
IZZ,Base case,T=5,1,69.19047413637146,8.298735199998191,30312,5.0,"{'n_starts': 1, 'n_hops': 100, 'temperature': 5.0, 'step_frac': 0.3}"
IZZ,Base case,T=5,2,69.19055086717847,8.04686159999983,28937,5.0,"{'n_starts': 1, 'n_hops': 100, 'temperature': 5.0, 'step_frac': 0.3}"
IZZ,Base case,T=5,3,69.1905338697967,8.058750000003783,29125,5.0,"{'n_starts': 1, 'n_hops': 100, 'temperature': 5.0, 'step_frac': 0.3}"
IZZ,Base case,T=5,4,69.1905312850606,7.775725700004841,28562,5.0,"{'n_starts': 1, 'n_hops': 100, 'temperature': 5.0, 'step_frac': 0.3}"
IZZ,Base case,T=5,5,69.1904769455953,8.324223599993275,29763,5.0,"{'n_starts': 1, 'n_hops': 100, 'temperature': 5.0, 'step_frac': 0.3}"
IZZ,Base case,T=auto,1,69.19047413637146,8.258093999997072,30344,13.23299802450115,"{'n_starts': 1, 'n_hops': 100, 'temperature': 13.23299802450115, 'step_frac': 0.3}"
IZZ,Base case,T=auto,2,69.19055086717847,8.063759900003788,28969,13.18251473572415,"{'n_starts': 1, 'n_hops': 100, 'temperature': 13.18251473572415, 'step_frac': 0.3}"
IZZ,Base case,T=auto,3,69.1905338697967,8.583944099998916,31196,13.788497697829458,"{'n_starts': 1, 'n_hops': 100, 'temperature': 13.788497697829458, 'step_frac': 0.3}"
IZZ,Base case,T=auto,4,69.1905312850606,7.879396500000439,28723,14.854839714359738,"{'n_starts': 1, 'n_hops': 100, 'temperature': 14.854839714359738, 'step_frac': 0.3}"
IZZ,Base case,T=auto,5,69.1904769455953,8.165075999997498,29795,14.566467388821504,"{'n_starts': 1, 'n_hops': 100, 'temperature': 14.566467388821504, 'step_frac': 0.3}"
IZZ,Base case,wide kick,1,69.19053499830557,7.8443935999966925,29094,1.0,"{'n_starts': 1, 'n_hops': 100, 'temperature': 1.0, 'step_frac': 1.0}"
IZZ,Base case,wide kick,2,69.1905069113339,7.5963718999992125,27827,1.0,"{'n_starts': 1, 'n_hops': 100, 'temperature': 1.0, 'step_frac': 1.0}"
IZZ,Base case,wide kick,3,69.19042888146721,7.790537400003814,28086,1.0,"{'n_starts': 1, 'n_hops': 100, 'temperature': 1.0, 'step_frac': 1.0}"
IZZ,Base case,wide kick,4,69.19054220475138,7.722185400001763,27841,1.0,"{'n_starts': 1, 'n_hops': 100, 'temperature': 1.0, 'step_frac': 1.0}"
IZZ,Base case,wide kick,5,69.19048833728947,8.071557099996426,29630,1.0,"{'n_starts': 1, 'n_hops': 100, 'temperature': 1.0, 'step_frac': 1.0}"
IZZ,Base case,inner=Powell,1,69.190458497782,25.42301939999743,94536,1.0,"{'n_starts': 1, 'n_hops': 100, 'temperature': 1.0, 'step_frac': 0.3}"
IZZ,Base case,inner=Powell,2,69.19035893127551,22.771274300001096,86490,1.0,"{'n_starts': 1, 'n_hops': 100, 'temperature': 1.0, 'step_frac': 0.3}"
IZZ,Base case,inner=Powell,3,69.19044826849665,25.355942900001537,97864,1.0,"{'n_starts': 1, 'n_hops': 100, 'temperature': 1.0, 'step_frac': 0.3}"
IZZ,Base case,inner=Powell,4,69.19050444246132,23.531546199999866,89790,1.0,"{'n_starts': 1, 'n_hops': 100, 'temperature': 1.0, 'step_frac': 0.3}"
IZZ,Base case,inner=Powell,5,69.19053290059507,23.000739999995858,86975,1.0,"{'n_starts': 1, 'n_hops': 100, 'temperature': 1.0, 'step_frac': 0.3}"
IZZ,Base case,inner=COBYLA,1,69.19023114045524,13.30993949999538,9307,1.0,"{'n_starts': 1, 'n_hops': 100, 'temperature': 1.0, 'step_frac': 0.3}"
IZZ,Base case,inner=COBYLA,2,69.19050590108435,12.817616899999848,9104,1.0,"{'n_starts': 1, 'n_hops': 100, 'temperature': 1.0, 'step_frac': 0.3}"
IZZ,Base case,inner=COBYLA,3,69.19027536688642,13.01710670000466,9072,1.0,"{'n_starts': 1, 'n_hops': 100, 'temperature': 1.0, 'step_frac': 0.3}"
IZZ,Base case,inner=COBYLA,4,69.19018789724771,12.793019200005801,9101,1.0,"{'n_starts': 1, 'n_hops': 100, 'temperature': 1.0, 'step_frac': 0.3}"
IZZ,Base case,inner=COBYLA,5,69.19043741882024,13.22191130000283,9204,1.0,"{'n_starts': 1, 'n_hops': 100, 'temperature': 1.0, 'step_frac': 0.3}"
