case,scenario,limit_s,label,method,spend_all,seed,appreciation,seconds,evaluations,budget_spent,reported_dmo,settings
Beerwiser,Base case,15,grid,grid,False,0,65.71156453073533,15.000066599997808,231703,300000.0,Timed (Base case),{'max_calculation_time': 15}
Beerwiser,Base case,15,grid (capped),grid_capped,False,0,65.70506239888078,15.000050299997383,229756,300000.0,Timed (Base case),{'max_calculation_time': 15}
Beerwiser,Base case,15,slsqp,slsqp,False,1,65.71158998323418,15.00228220000281,120712,300000.0,Timed (Base case),"{'n_starts': 10000, 'max_calculation_time': 15}"
Beerwiser,Base case,15,slsqp,slsqp,False,2,65.71158996349963,15.001103000002331,119225,300000.0,Timed (Base case),"{'n_starts': 10000, 'max_calculation_time': 15}"
Beerwiser,Base case,15,slsqp,slsqp,False,3,65.71158998168258,15.001945299998624,127645,299999.99999950593,Timed (Base case),"{'n_starts': 10000, 'max_calculation_time': 15}"
Beerwiser,Base case,15,slsqp,slsqp,False,4,65.71158996919428,15.000499699999637,119704,299999.999994052,Timed (Base case),"{'n_starts': 10000, 'max_calculation_time': 15}"
Beerwiser,Base case,15,slsqp,slsqp,False,5,65.71158995663355,15.001135700003942,129071,300000.0,Timed (Base case),"{'n_starts': 10000, 'max_calculation_time': 15}"
Beerwiser,Base case,15,slsqp (spend all),slsqp,True,1,65.71158998248195,15.002451000000292,131233,300000.0,Timed (Base case),"{'n_starts': 10000, 'spend_all': True, 'max_calculation_time': 15}"
Beerwiser,Base case,15,slsqp (spend all),slsqp,True,2,65.7115899635102,15.001755199999025,146015,300000.0,Timed (Base case),"{'n_starts': 10000, 'spend_all': True, 'max_calculation_time': 15}"
Beerwiser,Base case,15,slsqp (spend all),slsqp,True,3,65.71158998299174,15.001162900000054,144197,300000.0,Timed (Base case),"{'n_starts': 10000, 'spend_all': True, 'max_calculation_time': 15}"
Beerwiser,Base case,15,slsqp (spend all),slsqp,True,4,65.71158996991151,15.000588800001424,146572,300000.0,Timed (Base case),"{'n_starts': 10000, 'spend_all': True, 'max_calculation_time': 15}"
Beerwiser,Base case,15,slsqp (spend all),slsqp,True,5,65.7115899564578,15.002031600000919,145050,300000.0,Timed (Base case),"{'n_starts': 10000, 'spend_all': True, 'max_calculation_time': 15}"
Beerwiser,Base case,15,basin_hopping,basin_hopping,False,1,65.71159077082426,15.000265200003923,132909,299999.99999999994,Timed (Base case),"{'n_starts': 1, 'n_hops': 1000000, 'max_calculation_time': 15}"
Beerwiser,Base case,15,basin_hopping,basin_hopping,False,2,65.71160245160857,15.000153900000441,132744,300000.0,Timed (Base case),"{'n_starts': 1, 'n_hops': 1000000, 'max_calculation_time': 15}"
Beerwiser,Base case,15,basin_hopping,basin_hopping,False,3,65.7115901608597,15.001523800005089,133770,300000.0,Timed (Base case),"{'n_starts': 1, 'n_hops': 1000000, 'max_calculation_time': 15}"
Beerwiser,Base case,15,basin_hopping,basin_hopping,False,4,65.71159008591562,15.000263599999016,131413,300000.0,Timed (Base case),"{'n_starts': 1, 'n_hops': 1000000, 'max_calculation_time': 15}"
Beerwiser,Base case,15,basin_hopping,basin_hopping,False,5,65.71158983311778,15.000958500000706,133492,300000.00000000006,Timed (Base case),"{'n_starts': 1, 'n_hops': 1000000, 'max_calculation_time': 15}"
Beerwiser,Base case,15,basin_hopping (spend all),basin_hopping,True,1,65.71158994608014,15.00028580000071,135597,300000.0,Timed (Base case),"{'n_starts': 1, 'n_hops': 1000000, 'spend_all': True, 'max_calculation_time': 15}"
Beerwiser,Base case,15,basin_hopping (spend all),basin_hopping,True,2,65.71158997451869,15.000949900000705,136353,300000.0,Timed (Base case),"{'n_starts': 1, 'n_hops': 1000000, 'spend_all': True, 'max_calculation_time': 15}"
Beerwiser,Base case,15,basin_hopping (spend all),basin_hopping,True,3,65.71158993827919,15.000175099994522,133628,300000.00000000006,Timed (Base case),"{'n_starts': 1, 'n_hops': 1000000, 'spend_all': True, 'max_calculation_time': 15}"
Beerwiser,Base case,15,basin_hopping (spend all),basin_hopping,True,4,65.71158991313595,15.003852399997413,133064,299999.99999999994,Timed (Base case),"{'n_starts': 1, 'n_hops': 1000000, 'spend_all': True, 'max_calculation_time': 15}"
Beerwiser,Base case,15,basin_hopping (spend all),basin_hopping,True,5,65.71158996814495,15.000481000002765,133857,299999.99999999994,Timed (Base case),"{'n_starts': 1, 'n_hops': 1000000, 'spend_all': True, 'max_calculation_time': 15}"
Beerwiser,Base case,15,genetic_algorithm,genetic_algorithm,False,1,65.7115826151313,15.00248979999742,203850,300000.0,Timed (Base case),"{'population_size': 50, 'n_generations': 1000000, 'max_calculation_time': 15}"
Beerwiser,Base case,15,genetic_algorithm,genetic_algorithm,False,2,65.71158756992743,15.00231260000146,195750,300000.00000000006,Timed (Base case),"{'population_size': 50, 'n_generations': 1000000, 'max_calculation_time': 15}"
Beerwiser,Base case,15,genetic_algorithm,genetic_algorithm,False,3,65.70141959607052,15.001697300001979,205450,300000.00000000006,Timed (Base case),"{'population_size': 50, 'n_generations': 1000000, 'max_calculation_time': 15}"
Beerwiser,Base case,15,genetic_algorithm,genetic_algorithm,False,4,65.70141959607065,15.002563800000644,202750,300000.0,Timed (Base case),"{'population_size': 50, 'n_generations': 1000000, 'max_calculation_time': 15}"
Beerwiser,Base case,15,genetic_algorithm,genetic_algorithm,False,5,65.70141959607068,15.000433900000644,206700,300000.0,Timed (Base case),"{'population_size': 50, 'n_generations': 1000000, 'max_calculation_time': 15}"
Beerwiser,Base case,15,genetic_algorithm (spend all),genetic_algorithm,True,1,65.71158551117801,15.00079199999891,203100,300000.0,Timed (Base case),"{'population_size': 50, 'n_generations': 1000000, 'spend_all': True, 'max_calculation_time': 15}"
Beerwiser,Base case,15,genetic_algorithm (spend all),genetic_algorithm,True,2,65.70141959607068,15.00292819999595,204600,300000.0,Timed (Base case),"{'population_size': 50, 'n_generations': 1000000, 'spend_all': True, 'max_calculation_time': 15}"
Beerwiser,Base case,15,genetic_algorithm (spend all),genetic_algorithm,True,3,65.71157065208224,15.00261650000175,202000,300000.0,Timed (Base case),"{'population_size': 50, 'n_generations': 1000000, 'spend_all': True, 'max_calculation_time': 15}"
Beerwiser,Base case,15,genetic_algorithm (spend all),genetic_algorithm,True,4,65.71155898274586,15.000133599998662,206000,300000.0,Timed (Base case),"{'population_size': 50, 'n_generations': 1000000, 'spend_all': True, 'max_calculation_time': 15}"
Beerwiser,Base case,15,genetic_algorithm (spend all),genetic_algorithm,True,5,65.71158883045732,15.001483100000769,203750,299999.99999999994,Timed (Base case),"{'population_size': 50, 'n_generations': 1000000, 'spend_all': True, 'max_calculation_time': 15}"
Beerwiser,Base case,15,mdbh,mdbh,False,1,65.71156537049893,15.00010199999815,250119,299999.9999997447,Timed (Base case),"{'n_starts': 10000, 'n_hops': 10, 'n_local_steps': 50, 'max_calculation_time': 15}"
Beerwiser,Base case,15,mdbh,mdbh,False,2,65.71158959952282,15.000176299996383,252786,299999.9999997417,Timed (Base case),"{'n_starts': 10000, 'n_hops': 10, 'n_local_steps': 50, 'max_calculation_time': 15}"
Beerwiser,Base case,15,mdbh,mdbh,False,3,65.71157532279547,15.000122500001453,258543,299999.9999997591,Timed (Base case),"{'n_starts': 10000, 'n_hops': 10, 'n_local_steps': 50, 'max_calculation_time': 15}"
Beerwiser,Base case,15,mdbh,mdbh,False,4,65.71157951797215,15.000158399998327,254550,299999.9960808599,Timed (Base case),"{'n_starts': 10000, 'n_hops': 10, 'n_local_steps': 50, 'max_calculation_time': 15}"
Beerwiser,Base case,15,mdbh,mdbh,False,5,65.71158468568314,15.000149799998326,252699,299999.9999997525,Timed (Base case),"{'n_starts': 10000, 'n_hops': 10, 'n_local_steps': 50, 'max_calculation_time': 15}"
Beerwiser,Base case,30,grid,grid,False,0,65.71158362243366,30.000059899997723,526825,300000.0,Timed (Base case),{'max_calculation_time': 30}
Beerwiser,Base case,30,grid (capped),grid_capped,False,0,65.70506239888078,30.000088000000687,525223,300000.0,Timed (Base case),{'max_calculation_time': 30}
Beerwiser,Base case,30,slsqp,slsqp,False,1,65.71158998323418,21.15794409999944,207089,300000.0,Timed (Base case),"{'n_starts': 10000, 'max_calculation_time': 30}"
Beerwiser,Base case,30,slsqp,slsqp,False,2,65.71158996349963,21.451677600001858,204542,300000.0,Timed (Base case),"{'n_starts': 10000, 'max_calculation_time': 30}"
Beerwiser,Base case,30,slsqp,slsqp,False,3,65.71158998324073,21.22714210000413,204012,299999.99999730446,Timed (Base case),"{'n_starts': 10000, 'max_calculation_time': 30}"
Beerwiser,Base case,30,slsqp,slsqp,False,4,65.71158996919428,21.160583900003985,203053,299999.999994052,Timed (Base case),"{'n_starts': 10000, 'max_calculation_time': 30}"
Beerwiser,Base case,30,slsqp,slsqp,False,5,65.71158998660562,21.328443099999276,208346,300000.0,Timed (Base case),"{'n_starts': 10000, 'max_calculation_time': 30}"
Beerwiser,Base case,30,slsqp (spend all),slsqp,True,1,65.71158998248195,20.667195499998343,204058,300000.0,Timed (Base case),"{'n_starts': 10000, 'spend_all': True, 'max_calculation_time': 30}"
Beerwiser,Base case,30,slsqp (spend all),slsqp,True,2,65.7115899635102,20.54071770000155,201670,300000.0,Timed (Base case),"{'n_starts': 10000, 'spend_all': True, 'max_calculation_time': 30}"
Beerwiser,Base case,30,slsqp (spend all),slsqp,True,3,65.71158998299174,20.566596999997273,200951,300000.0,Timed (Base case),"{'n_starts': 10000, 'spend_all': True, 'max_calculation_time': 30}"
Beerwiser,Base case,30,slsqp (spend all),slsqp,True,4,65.71158996991151,20.223380299998098,199935,300000.0,Timed (Base case),"{'n_starts': 10000, 'spend_all': True, 'max_calculation_time': 30}"
Beerwiser,Base case,30,slsqp (spend all),slsqp,True,5,65.71158998557925,20.812250399998447,205296,299999.99999999994,Timed (Base case),"{'n_starts': 10000, 'spend_all': True, 'max_calculation_time': 30}"
Beerwiser,Base case,30,basin_hopping,basin_hopping,False,1,65.71159077082426,30.00141160000203,263087,299999.99999999994,Timed (Base case),"{'n_starts': 1, 'n_hops': 1000000, 'max_calculation_time': 30}"
Beerwiser,Base case,30,basin_hopping,basin_hopping,False,2,65.71160245160857,30.000807099997473,263966,300000.0,Timed (Base case),"{'n_starts': 1, 'n_hops': 1000000, 'max_calculation_time': 30}"
Beerwiser,Base case,30,basin_hopping,basin_hopping,False,3,65.7115901608597,30.001697800005786,265970,300000.0,Timed (Base case),"{'n_starts': 1, 'n_hops': 1000000, 'max_calculation_time': 30}"
Beerwiser,Base case,30,basin_hopping,basin_hopping,False,4,65.71159008591562,30.000839799999085,265479,300000.0,Timed (Base case),"{'n_starts': 1, 'n_hops': 1000000, 'max_calculation_time': 30}"
Beerwiser,Base case,30,basin_hopping,basin_hopping,False,5,65.71158983311778,30.000200399997993,256701,300000.00000000006,Timed (Base case),"{'n_starts': 1, 'n_hops': 1000000, 'max_calculation_time': 30}"
Beerwiser,Base case,30,basin_hopping (spend all),basin_hopping,True,1,65.71158997422128,30.000215499996557,268857,299999.99999999994,Timed (Base case),"{'n_starts': 1, 'n_hops': 1000000, 'spend_all': True, 'max_calculation_time': 30}"
Beerwiser,Base case,30,basin_hopping (spend all),basin_hopping,True,2,65.71158997706235,30.000147200000356,267545,300000.0,Timed (Base case),"{'n_starts': 1, 'n_hops': 1000000, 'spend_all': True, 'max_calculation_time': 30}"
Beerwiser,Base case,30,basin_hopping (spend all),basin_hopping,True,3,65.71158997954814,30.00088010000036,268773,300000.0,Timed (Base case),"{'n_starts': 1, 'n_hops': 1000000, 'spend_all': True, 'max_calculation_time': 30}"
Beerwiser,Base case,30,basin_hopping (spend all),basin_hopping,True,4,65.71158992120118,30.001104999995732,265225,299999.99999999994,Timed (Base case),"{'n_starts': 1, 'n_hops': 1000000, 'spend_all': True, 'max_calculation_time': 30}"
Beerwiser,Base case,30,basin_hopping (spend all),basin_hopping,True,5,65.71158996814495,30.001362700000755,270878,299999.99999999994,Timed (Base case),"{'n_starts': 1, 'n_hops': 1000000, 'spend_all': True, 'max_calculation_time': 30}"
Beerwiser,Base case,30,genetic_algorithm,genetic_algorithm,False,1,65.71158394631894,30.003147899995383,406250,300000.0,Timed (Base case),"{'population_size': 50, 'n_generations': 1000000, 'max_calculation_time': 30}"
Beerwiser,Base case,30,genetic_algorithm,genetic_algorithm,False,2,65.71158756992743,30.00359020000178,407950,300000.00000000006,Timed (Base case),"{'population_size': 50, 'n_generations': 1000000, 'max_calculation_time': 30}"
Beerwiser,Base case,30,genetic_algorithm,genetic_algorithm,False,3,65.70141959607052,30.000320800005284,408200,300000.00000000006,Timed (Base case),"{'population_size': 50, 'n_generations': 1000000, 'max_calculation_time': 30}"
Beerwiser,Base case,30,genetic_algorithm,genetic_algorithm,False,4,65.70141959607069,30.00331140000344,413250,300000.00000000006,Timed (Base case),"{'population_size': 50, 'n_generations': 1000000, 'max_calculation_time': 30}"
Beerwiser,Base case,30,genetic_algorithm,genetic_algorithm,False,5,65.70141959607069,30.00397860000521,391400,300000.00000000006,Timed (Base case),"{'population_size': 50, 'n_generations': 1000000, 'max_calculation_time': 30}"
Beerwiser,Base case,30,genetic_algorithm (spend all),genetic_algorithm,True,1,65.71158551117801,30.00117930000124,394800,300000.00000000006,Timed (Base case),"{'population_size': 50, 'n_generations': 1000000, 'spend_all': True, 'max_calculation_time': 30}"
Beerwiser,Base case,30,genetic_algorithm (spend all),genetic_algorithm,True,2,65.7014195960707,30.000104500002635,396450,300000.0,Timed (Base case),"{'population_size': 50, 'n_generations': 1000000, 'spend_all': True, 'max_calculation_time': 30}"
Beerwiser,Base case,30,genetic_algorithm (spend all),genetic_algorithm,True,3,65.7115862864168,30.000735699999495,394450,300000.0,Timed (Base case),"{'population_size': 50, 'n_generations': 1000000, 'spend_all': True, 'max_calculation_time': 30}"
Beerwiser,Base case,30,genetic_algorithm (spend all),genetic_algorithm,True,4,65.71157718861718,30.001792600000044,387650,300000.0,Timed (Base case),"{'population_size': 50, 'n_generations': 1000000, 'spend_all': True, 'max_calculation_time': 30}"
Beerwiser,Base case,30,genetic_algorithm (spend all),genetic_algorithm,True,5,65.71158883045732,30.003089000005275,339200,300000.0,Timed (Base case),"{'population_size': 50, 'n_generations': 1000000, 'spend_all': True, 'max_calculation_time': 30}"
Beerwiser,Base case,30,mdbh,mdbh,False,1,65.71158889772772,30.00017310000112,499029,299999.9999997671,Timed (Base case),"{'n_starts': 10000, 'n_hops': 10, 'n_local_steps': 50, 'max_calculation_time': 30}"
Beerwiser,Base case,30,mdbh,mdbh,False,2,65.71158959952282,30.00014579999697,440537,299999.9999997417,Timed (Base case),"{'n_starts': 10000, 'n_hops': 10, 'n_local_steps': 50, 'max_calculation_time': 30}"
Beerwiser,Base case,30,mdbh,mdbh,False,3,65.71158868237627,30.000115100003313,500616,299999.9999997441,Timed (Base case),"{'n_starts': 10000, 'n_hops': 10, 'n_local_steps': 50, 'max_calculation_time': 30}"
Beerwiser,Base case,30,mdbh,mdbh,False,4,65.71157951797215,30.00021669999842,499291,299999.9960808599,Timed (Base case),"{'n_starts': 10000, 'n_hops': 10, 'n_local_steps': 50, 'max_calculation_time': 30}"
Beerwiser,Base case,30,mdbh,mdbh,False,5,65.71158468568314,30.000087799999164,501558,299999.9999997525,Timed (Base case),"{'n_starts': 10000, 'n_hops': 10, 'n_local_steps': 50, 'max_calculation_time': 30}"
Beerwiser,Base case,60,grid,grid,False,0,65.71158362243366,60.00004859999899,1047641,300000.0,Timed (Base case),{'max_calculation_time': 60}
Beerwiser,Base case,60,grid (capped),grid_capped,False,0,65.70996015344082,60.000369800000044,1077083,300000.0,Timed (Base case),{'max_calculation_time': 60}
Beerwiser,Base case,60,slsqp,slsqp,False,1,65.71158998323418,21.90572919999977,207089,300000.0,Timed (Base case),"{'n_starts': 10000, 'max_calculation_time': 60}"
Beerwiser,Base case,60,slsqp,slsqp,False,2,65.71158996349963,21.290507400000934,204542,300000.0,Timed (Base case),"{'n_starts': 10000, 'max_calculation_time': 60}"
Beerwiser,Base case,60,slsqp,slsqp,False,3,65.71158998324073,20.753647600002296,204012,299999.99999730446,Timed (Base case),"{'n_starts': 10000, 'max_calculation_time': 60}"
Beerwiser,Base case,60,slsqp,slsqp,False,4,65.71158996919428,21.167371299998194,203053,299999.999994052,Timed (Base case),"{'n_starts': 10000, 'max_calculation_time': 60}"
Beerwiser,Base case,60,slsqp,slsqp,False,5,65.71158998660562,21.27756860000227,208346,300000.0,Timed (Base case),"{'n_starts': 10000, 'max_calculation_time': 60}"
Beerwiser,Base case,60,slsqp (spend all),slsqp,True,1,65.71158998248195,20.929437599996163,204058,300000.0,Timed (Base case),"{'n_starts': 10000, 'spend_all': True, 'max_calculation_time': 60}"
Beerwiser,Base case,60,slsqp (spend all),slsqp,True,2,65.7115899635102,20.799445000004198,201670,300000.0,Timed (Base case),"{'n_starts': 10000, 'spend_all': True, 'max_calculation_time': 60}"
Beerwiser,Base case,60,slsqp (spend all),slsqp,True,3,65.71158998299174,20.943533199999365,200951,300000.0,Timed (Base case),"{'n_starts': 10000, 'spend_all': True, 'max_calculation_time': 60}"
Beerwiser,Base case,60,slsqp (spend all),slsqp,True,4,65.71158996991151,20.891374700004235,199935,300000.0,Timed (Base case),"{'n_starts': 10000, 'spend_all': True, 'max_calculation_time': 60}"
Beerwiser,Base case,60,slsqp (spend all),slsqp,True,5,65.71158998557925,21.158787200001825,205296,299999.99999999994,Timed (Base case),"{'n_starts': 10000, 'spend_all': True, 'max_calculation_time': 60}"
Beerwiser,Base case,60,basin_hopping,basin_hopping,False,1,65.71159077082426,60.000588400005654,511765,299999.99999999994,Timed (Base case),"{'n_starts': 1, 'n_hops': 1000000, 'max_calculation_time': 60}"
Beerwiser,Base case,60,basin_hopping,basin_hopping,False,2,65.71160245160857,60.000305400004436,515180,300000.0,Timed (Base case),"{'n_starts': 1, 'n_hops': 1000000, 'max_calculation_time': 60}"
Beerwiser,Base case,60,basin_hopping,basin_hopping,False,3,65.7115901608597,60.00033000000258,518862,300000.0,Timed (Base case),"{'n_starts': 1, 'n_hops': 1000000, 'max_calculation_time': 60}"
Beerwiser,Base case,60,basin_hopping,basin_hopping,False,4,65.71159008591562,60.000488799996674,523151,300000.0,Timed (Base case),"{'n_starts': 1, 'n_hops': 1000000, 'max_calculation_time': 60}"
Beerwiser,Base case,60,basin_hopping,basin_hopping,False,5,65.71158983311778,60.00110760000098,519476,300000.00000000006,Timed (Base case),"{'n_starts': 1, 'n_hops': 1000000, 'max_calculation_time': 60}"
Beerwiser,Base case,60,basin_hopping (spend all),basin_hopping,True,1,65.71158998347403,60.00118720000319,529925,300000.0,Timed (Base case),"{'n_starts': 1, 'n_hops': 1000000, 'spend_all': True, 'max_calculation_time': 60}"
Beerwiser,Base case,60,basin_hopping (spend all),basin_hopping,True,2,65.71158997710735,60.0006171999994,522947,300000.0,Timed (Base case),"{'n_starts': 1, 'n_hops': 1000000, 'spend_all': True, 'max_calculation_time': 60}"
Beerwiser,Base case,60,basin_hopping (spend all),basin_hopping,True,3,65.71158998149798,60.00096420000045,541067,300000.0,Timed (Base case),"{'n_starts': 1, 'n_hops': 1000000, 'spend_all': True, 'max_calculation_time': 60}"
Beerwiser,Base case,60,basin_hopping (spend all),basin_hopping,True,4,65.71158994350594,60.00106129999767,538285,300000.0,Timed (Base case),"{'n_starts': 1, 'n_hops': 1000000, 'spend_all': True, 'max_calculation_time': 60}"
Beerwiser,Base case,60,basin_hopping (spend all),basin_hopping,True,5,65.71158996814495,60.00075729999662,532858,299999.99999999994,Timed (Base case),"{'n_starts': 1, 'n_hops': 1000000, 'spend_all': True, 'max_calculation_time': 60}"
Beerwiser,Base case,60,genetic_algorithm,genetic_algorithm,False,1,65.71158986892758,60.0026491000026,808500,299999.9999999999,Timed (Base case),"{'population_size': 50, 'n_generations': 1000000, 'max_calculation_time': 60}"
Beerwiser,Base case,60,genetic_algorithm,genetic_algorithm,False,2,65.7115894214443,60.001429000003554,802300,300000.00000000006,Timed (Base case),"{'population_size': 50, 'n_generations': 1000000, 'max_calculation_time': 60}"
Beerwiser,Base case,60,genetic_algorithm,genetic_algorithm,False,3,65.70141959607062,60.00254049999785,821450,300000.0,Timed (Base case),"{'population_size': 50, 'n_generations': 1000000, 'max_calculation_time': 60}"
Beerwiser,Base case,60,genetic_algorithm,genetic_algorithm,False,4,65.70141959607069,60.001685800001724,819850,300000.00000000006,Timed (Base case),"{'population_size': 50, 'n_generations': 1000000, 'max_calculation_time': 60}"
Beerwiser,Base case,60,genetic_algorithm,genetic_algorithm,False,5,65.70141959607069,60.002602500004286,816550,300000.00000000006,Timed (Base case),"{'population_size': 50, 'n_generations': 1000000, 'max_calculation_time': 60}"
Beerwiser,Base case,60,genetic_algorithm (spend all),genetic_algorithm,True,1,65.7115893289876,60.001716699996905,805950,300000.0,Timed (Base case),"{'population_size': 50, 'n_generations': 1000000, 'spend_all': True, 'max_calculation_time': 60}"
Beerwiser,Base case,60,genetic_algorithm (spend all),genetic_algorithm,True,2,65.7014195960707,60.000682799996866,812750,300000.0,Timed (Base case),"{'population_size': 50, 'n_generations': 1000000, 'spend_all': True, 'max_calculation_time': 60}"
Beerwiser,Base case,60,genetic_algorithm (spend all),genetic_algorithm,True,3,65.71158885152313,60.00043540000479,810250,300000.0,Timed (Base case),"{'population_size': 50, 'n_generations': 1000000, 'spend_all': True, 'max_calculation_time': 60}"
Beerwiser,Base case,60,genetic_algorithm (spend all),genetic_algorithm,True,4,65.71158911147303,60.001555799994094,814850,300000.00000000006,Timed (Base case),"{'population_size': 50, 'n_generations': 1000000, 'spend_all': True, 'max_calculation_time': 60}"
Beerwiser,Base case,60,genetic_algorithm (spend all),genetic_algorithm,True,5,65.71158929994141,60.00232619999588,811150,300000.00000000006,Timed (Base case),"{'population_size': 50, 'n_generations': 1000000, 'spend_all': True, 'max_calculation_time': 60}"
Beerwiser,Base case,60,mdbh,mdbh,False,1,65.71158889772772,60.00017669999943,1016807,299999.9999997671,Timed (Base case),"{'n_starts': 10000, 'n_hops': 10, 'n_local_steps': 50, 'max_calculation_time': 60}"
Beerwiser,Base case,60,mdbh,mdbh,False,2,65.71158959952282,60.000186800003576,1002698,299999.9999997417,Timed (Base case),"{'n_starts': 10000, 'n_hops': 10, 'n_local_steps': 50, 'max_calculation_time': 60}"
Beerwiser,Base case,60,mdbh,mdbh,False,3,65.71158868237627,60.00034769999911,1024343,299999.9999997441,Timed (Base case),"{'n_starts': 10000, 'n_hops': 10, 'n_local_steps': 50, 'max_calculation_time': 60}"
Beerwiser,Base case,60,mdbh,mdbh,False,4,65.71158922720244,60.00011329999688,1006834,299999.9999997578,Timed (Base case),"{'n_starts': 10000, 'n_hops': 10, 'n_local_steps': 50, 'max_calculation_time': 60}"
Beerwiser,Base case,60,mdbh,mdbh,False,5,65.71158468568314,60.00007659999392,1004986,299999.9999997525,Timed (Base case),"{'n_starts': 10000, 'n_hops': 10, 'n_local_steps': 50, 'max_calculation_time': 60}"
Beerwiser,Base case,120,grid,grid,False,0,65.71158839532873,120.00005229999806,2083411,300000.0,Timed (Base case),{'max_calculation_time': 120}
Beerwiser,Base case,120,grid (capped),grid_capped,False,0,65.70996015344082,120.00005149999924,2158576,300000.0,Timed (Base case),{'max_calculation_time': 120}
Beerwiser,Base case,120,slsqp,slsqp,False,1,65.71158998323418,21.128627199999755,207089,300000.0,Timed (Base case),"{'n_starts': 10000, 'max_calculation_time': 120}"
Beerwiser,Base case,120,slsqp,slsqp,False,2,65.71158996349963,21.201421899997513,204542,300000.0,Timed (Base case),"{'n_starts': 10000, 'max_calculation_time': 120}"
Beerwiser,Base case,120,slsqp,slsqp,False,3,65.71158998324073,21.10300709999865,204012,299999.99999730446,Timed (Base case),"{'n_starts': 10000, 'max_calculation_time': 120}"
Beerwiser,Base case,120,slsqp,slsqp,False,4,65.71158996919428,20.986309799998708,203053,299999.999994052,Timed (Base case),"{'n_starts': 10000, 'max_calculation_time': 120}"
Beerwiser,Base case,120,slsqp,slsqp,False,5,65.71158998660562,21.727948400002788,208346,300000.0,Timed (Base case),"{'n_starts': 10000, 'max_calculation_time': 120}"
Beerwiser,Base case,120,slsqp (spend all),slsqp,True,1,65.71158998248195,21.023912999997265,204058,300000.0,Timed (Base case),"{'n_starts': 10000, 'spend_all': True, 'max_calculation_time': 120}"
Beerwiser,Base case,120,slsqp (spend all),slsqp,True,2,65.7115899635102,21.043402700001025,201670,300000.0,Timed (Base case),"{'n_starts': 10000, 'spend_all': True, 'max_calculation_time': 120}"
Beerwiser,Base case,120,slsqp (spend all),slsqp,True,3,65.71158998299174,21.226907399999618,200951,300000.0,Timed (Base case),"{'n_starts': 10000, 'spend_all': True, 'max_calculation_time': 120}"
Beerwiser,Base case,120,slsqp (spend all),slsqp,True,4,65.71158996991151,20.804993300000206,199935,300000.0,Timed (Base case),"{'n_starts': 10000, 'spend_all': True, 'max_calculation_time': 120}"
Beerwiser,Base case,120,slsqp (spend all),slsqp,True,5,65.71158998557925,21.240450600002077,205296,299999.99999999994,Timed (Base case),"{'n_starts': 10000, 'spend_all': True, 'max_calculation_time': 120}"
Beerwiser,Base case,120,basin_hopping,basin_hopping,False,1,65.71159077082426,120.00141409999924,1038220,299999.99999999994,Timed (Base case),"{'n_starts': 1, 'n_hops': 1000000, 'max_calculation_time': 120}"
Beerwiser,Base case,120,basin_hopping,basin_hopping,False,2,65.71160245160857,120.00030120000156,1022703,300000.0,Timed (Base case),"{'n_starts': 1, 'n_hops': 1000000, 'max_calculation_time': 120}"
Beerwiser,Base case,120,basin_hopping,basin_hopping,False,3,65.7115901608597,120.00191279999854,1031615,300000.0,Timed (Base case),"{'n_starts': 1, 'n_hops': 1000000, 'max_calculation_time': 120}"
Beerwiser,Base case,120,basin_hopping,basin_hopping,False,4,65.71159008591562,120.00165220000054,1033572,300000.0,Timed (Base case),"{'n_starts': 1, 'n_hops': 1000000, 'max_calculation_time': 120}"
Beerwiser,Base case,120,basin_hopping,basin_hopping,False,5,65.71158983311778,120.0003355000008,1020711,300000.00000000006,Timed (Base case),"{'n_starts': 1, 'n_hops': 1000000, 'max_calculation_time': 120}"
Beerwiser,Base case,120,basin_hopping (spend all),basin_hopping,True,1,65.71158998347403,120.0001443000001,1062907,300000.0,Timed (Base case),"{'n_starts': 1, 'n_hops': 1000000, 'spend_all': True, 'max_calculation_time': 120}"
Beerwiser,Base case,120,basin_hopping (spend all),basin_hopping,True,2,65.71158998446836,120.00060569999914,1079934,300000.0,Timed (Base case),"{'n_starts': 1, 'n_hops': 1000000, 'spend_all': True, 'max_calculation_time': 120}"
Beerwiser,Base case,120,basin_hopping (spend all),basin_hopping,True,3,65.71158998149798,120.00065529999847,1064238,300000.0,Timed (Base case),"{'n_starts': 1, 'n_hops': 1000000, 'spend_all': True, 'max_calculation_time': 120}"
Beerwiser,Base case,120,basin_hopping (spend all),basin_hopping,True,4,65.71158997842822,120.00179099999514,1068381,300000.0,Timed (Base case),"{'n_starts': 1, 'n_hops': 1000000, 'spend_all': True, 'max_calculation_time': 120}"
Beerwiser,Base case,120,basin_hopping (spend all),basin_hopping,True,5,65.71158997456718,120.00069220000296,1060190,300000.0,Timed (Base case),"{'n_starts': 1, 'n_hops': 1000000, 'spend_all': True, 'max_calculation_time': 120}"
Beerwiser,Base case,120,genetic_algorithm,genetic_algorithm,False,1,65.71158986892758,120.00265800000489,1626900,299999.99999999994,Timed (Base case),"{'population_size': 50, 'n_generations': 1000000, 'max_calculation_time': 120}"
Beerwiser,Base case,120,genetic_algorithm,genetic_algorithm,False,2,65.7115898805965,120.00092819999554,1648400,300000.0,Timed (Base case),"{'population_size': 50, 'n_generations': 1000000, 'max_calculation_time': 120}"
Beerwiser,Base case,120,genetic_algorithm,genetic_algorithm,False,3,65.70141959607069,120.00123080000049,1633950,300000.00000000006,Timed (Base case),"{'population_size': 50, 'n_generations': 1000000, 'max_calculation_time': 120}"
Beerwiser,Base case,120,genetic_algorithm,genetic_algorithm,False,4,65.70141959607069,120.00026609999622,1634300,300000.00000000006,Timed (Base case),"{'population_size': 50, 'n_generations': 1000000, 'max_calculation_time': 120}"
Beerwiser,Base case,120,genetic_algorithm,genetic_algorithm,False,5,65.70141959607069,120.00048800000513,1641850,300000.00000000006,Timed (Base case),"{'population_size': 50, 'n_generations': 1000000, 'max_calculation_time': 120}"
Beerwiser,Base case,120,genetic_algorithm (spend all),genetic_algorithm,True,1,65.71158935299562,120.00186850000318,1651150,300000.0,Timed (Base case),"{'population_size': 50, 'n_generations': 1000000, 'spend_all': True, 'max_calculation_time': 120}"
Beerwiser,Base case,120,genetic_algorithm (spend all),genetic_algorithm,True,2,65.70141959607072,120.00254629999836,1636050,300000.00000000006,Timed (Base case),"{'population_size': 50, 'n_generations': 1000000, 'spend_all': True, 'max_calculation_time': 120}"
Beerwiser,Base case,120,genetic_algorithm (spend all),genetic_algorithm,True,3,65.71158885152313,120.00091950000206,1629100,300000.00000000006,Timed (Base case),"{'population_size': 50, 'n_generations': 1000000, 'spend_all': True, 'max_calculation_time': 120}"
Beerwiser,Base case,120,genetic_algorithm (spend all),genetic_algorithm,True,4,65.7115896311893,120.00171670000418,1618850,300000.00000000006,Timed (Base case),"{'population_size': 50, 'n_generations': 1000000, 'spend_all': True, 'max_calculation_time': 120}"
Beerwiser,Base case,120,genetic_algorithm (spend all),genetic_algorithm,True,5,65.71158982841573,120.00236020000011,1628550,300000.0,Timed (Base case),"{'population_size': 50, 'n_generations': 1000000, 'spend_all': True, 'max_calculation_time': 120}"
Beerwiser,Base case,120,mdbh,mdbh,False,1,65.71158889772772,120.00009839999984,2035851,299999.9999997671,Timed (Base case),"{'n_starts': 10000, 'n_hops': 10, 'n_local_steps': 50, 'max_calculation_time': 120}"
Beerwiser,Base case,120,mdbh,mdbh,False,2,65.71158959952282,120.00010839999595,2041332,299999.9999997417,Timed (Base case),"{'n_starts': 10000, 'n_hops': 10, 'n_local_steps': 50, 'max_calculation_time': 120}"
Beerwiser,Base case,120,mdbh,mdbh,False,3,65.71158868237627,120.00016180000239,2022597,299999.9999997441,Timed (Base case),"{'n_starts': 10000, 'n_hops': 10, 'n_local_steps': 50, 'max_calculation_time': 120}"
Beerwiser,Base case,120,mdbh,mdbh,False,4,65.71158922720244,120.0000865999973,2028195,299999.9999997578,Timed (Base case),"{'n_starts': 10000, 'n_hops': 10, 'n_local_steps': 50, 'max_calculation_time': 120}"
Beerwiser,Base case,120,mdbh,mdbh,False,5,65.71158736901003,120.000125999999,1995630,299999.99999976717,Timed (Base case),"{'n_starts': 10000, 'n_hops': 10, 'n_local_steps': 50, 'max_calculation_time': 120}"
Refugee,Base case,15,grid,grid,False,0,96.81402048580651,15.000052399998822,68023,6469004.0,Timed (Base case),{'max_calculation_time': 15}
Refugee,Base case,15,grid (capped),grid_capped,False,0,96.80843181793827,15.000059199999669,67237,6469004.0,Timed (Base case),{'max_calculation_time': 15}
Refugee,Base case,15,slsqp,slsqp,False,1,96.86941725838109,15.007090999999491,59306,6469003.999969358,Timed (Base case),"{'n_starts': 10000, 'max_calculation_time': 15}"
Refugee,Base case,15,slsqp,slsqp,False,2,96.87192594698334,15.030973599998106,58935,6469004.0,Timed (Base case),"{'n_starts': 10000, 'max_calculation_time': 15}"
Refugee,Base case,15,slsqp,slsqp,False,3,96.87173022787168,15.001798799996322,58381,6469004.0,Timed (Base case),"{'n_starts': 10000, 'max_calculation_time': 15}"
Refugee,Base case,15,slsqp,slsqp,False,4,96.87181150634048,15.008793300003163,58683,6469003.99995352,Timed (Base case),"{'n_starts': 10000, 'max_calculation_time': 15}"
Refugee,Base case,15,slsqp,slsqp,False,5,96.87108154496985,15.029967499998747,58237,6469004.000000001,Timed (Base case),"{'n_starts': 10000, 'max_calculation_time': 15}"
Refugee,Base case,15,slsqp (spend all),slsqp,True,1,96.86941718701596,15.038053600001149,58541,6469004.0,Timed (Base case),"{'n_starts': 10000, 'spend_all': True, 'max_calculation_time': 15}"
Refugee,Base case,15,slsqp (spend all),slsqp,True,2,96.87192594142351,15.012114299999666,58617,6469004.0,Timed (Base case),"{'n_starts': 10000, 'spend_all': True, 'max_calculation_time': 15}"
Refugee,Base case,15,slsqp (spend all),slsqp,True,3,96.87173769321518,15.046179100005247,58982,6469004.0,Timed (Base case),"{'n_starts': 10000, 'spend_all': True, 'max_calculation_time': 15}"
Refugee,Base case,15,slsqp (spend all),slsqp,True,4,96.87178660804969,15.065350899996702,59100,6469004.0,Timed (Base case),"{'n_starts': 10000, 'spend_all': True, 'max_calculation_time': 15}"
Refugee,Base case,15,slsqp (spend all),slsqp,True,5,96.87108151766417,15.027432599999884,58048,6469004.0,Timed (Base case),"{'n_starts': 10000, 'spend_all': True, 'max_calculation_time': 15}"
Refugee,Base case,15,basin_hopping,basin_hopping,False,1,96.87217123616234,15.039778700003808,59363,6469003.999962088,Timed (Base case),"{'n_starts': 1, 'n_hops': 1000000, 'max_calculation_time': 15}"
Refugee,Base case,15,basin_hopping,basin_hopping,False,2,96.87215685979889,15.027382799999032,58944,6469004.0,Timed (Base case),"{'n_starts': 1, 'n_hops': 1000000, 'max_calculation_time': 15}"
Refugee,Base case,15,basin_hopping,basin_hopping,False,3,96.87182619226402,15.028377499998896,58719,6469004.0,Timed (Base case),"{'n_starts': 1, 'n_hops': 1000000, 'max_calculation_time': 15}"
Refugee,Base case,15,basin_hopping,basin_hopping,False,4,96.8721724689735,15.014437800004089,58669,6469003.999962403,Timed (Base case),"{'n_starts': 1, 'n_hops': 1000000, 'max_calculation_time': 15}"
Refugee,Base case,15,basin_hopping,basin_hopping,False,5,96.872187929739,15.023827099998016,57837,6469003.999768384,Timed (Base case),"{'n_starts': 1, 'n_hops': 1000000, 'max_calculation_time': 15}"
Refugee,Base case,15,basin_hopping (spend all),basin_hopping,True,1,96.87217468417238,15.038620399995125,58639,6469004.0,Timed (Base case),"{'n_starts': 1, 'n_hops': 1000000, 'spend_all': True, 'max_calculation_time': 15}"
Refugee,Base case,15,basin_hopping (spend all),basin_hopping,True,2,96.87218285632147,15.001286099999561,58782,6469004.0,Timed (Base case),"{'n_starts': 1, 'n_hops': 1000000, 'spend_all': True, 'max_calculation_time': 15}"
Refugee,Base case,15,basin_hopping (spend all),basin_hopping,True,3,96.87212749474787,15.030284699998447,59149,6469004.0,Timed (Base case),"{'n_starts': 1, 'n_hops': 1000000, 'spend_all': True, 'max_calculation_time': 15}"
Refugee,Base case,15,basin_hopping (spend all),basin_hopping,True,4,96.87217151656786,15.041845400002785,59016,6469003.999999999,Timed (Base case),"{'n_starts': 1, 'n_hops': 1000000, 'spend_all': True, 'max_calculation_time': 15}"
Refugee,Base case,15,basin_hopping (spend all),basin_hopping,True,5,96.8721470771871,15.00069490000169,56573,6469004.0,Timed (Base case),"{'n_starts': 1, 'n_hops': 1000000, 'spend_all': True, 'max_calculation_time': 15}"
Refugee,Base case,15,genetic_algorithm,genetic_algorithm,False,1,96.87210506186129,15.006195599999046,62400,6469003.999999999,Timed (Base case),"{'population_size': 50, 'n_generations': 1000000, 'max_calculation_time': 15}"
Refugee,Base case,15,genetic_algorithm,genetic_algorithm,False,2,96.8721189151395,15.009671200001321,61750,6469004.000000001,Timed (Base case),"{'population_size': 50, 'n_generations': 1000000, 'max_calculation_time': 15}"
Refugee,Base case,15,genetic_algorithm,genetic_algorithm,False,3,96.87212068871214,15.005210900002567,62000,6469004.000000001,Timed (Base case),"{'population_size': 50, 'n_generations': 1000000, 'max_calculation_time': 15}"
Refugee,Base case,15,genetic_algorithm,genetic_algorithm,False,4,96.8721493586611,15.006998400000157,62150,6469004.0,Timed (Base case),"{'population_size': 50, 'n_generations': 1000000, 'max_calculation_time': 15}"
Refugee,Base case,15,genetic_algorithm,genetic_algorithm,False,5,96.87207946590026,15.000895600001968,61100,6469004.0,Timed (Base case),"{'population_size': 50, 'n_generations': 1000000, 'max_calculation_time': 15}"
Refugee,Base case,15,genetic_algorithm (spend all),genetic_algorithm,True,1,96.87218878734164,15.00520040000265,62300,6469004.0,Timed (Base case),"{'population_size': 50, 'n_generations': 1000000, 'spend_all': True, 'max_calculation_time': 15}"
Refugee,Base case,15,genetic_algorithm (spend all),genetic_algorithm,True,2,96.87218857674026,15.00676509999903,62000,6469004.0,Timed (Base case),"{'population_size': 50, 'n_generations': 1000000, 'spend_all': True, 'max_calculation_time': 15}"
Refugee,Base case,15,genetic_algorithm (spend all),genetic_algorithm,True,3,96.8721575130812,15.001701199995296,63150,6469004.0,Timed (Base case),"{'population_size': 50, 'n_generations': 1000000, 'spend_all': True, 'max_calculation_time': 15}"
Refugee,Base case,15,genetic_algorithm (spend all),genetic_algorithm,True,4,96.87210177115674,15.009210500000336,62400,6469004.0,Timed (Base case),"{'population_size': 50, 'n_generations': 1000000, 'spend_all': True, 'max_calculation_time': 15}"
Refugee,Base case,15,genetic_algorithm (spend all),genetic_algorithm,True,5,96.87214273260989,15.00559140000405,60000,6469004.000000002,Timed (Base case),"{'population_size': 50, 'n_generations': 1000000, 'spend_all': True, 'max_calculation_time': 15}"
Refugee,Base case,15,mdbh,mdbh,False,1,96.866610756402,15.001077400003851,65561,6469003.999992006,Timed (Base case),"{'n_starts': 10000, 'n_hops': 10, 'n_local_steps': 50, 'max_calculation_time': 15}"
Refugee,Base case,15,mdbh,mdbh,False,2,96.8629899041089,15.00062479999906,65760,6469003.999682827,Timed (Base case),"{'n_starts': 10000, 'n_hops': 10, 'n_local_steps': 50, 'max_calculation_time': 15}"
Refugee,Base case,15,mdbh,mdbh,False,3,96.86546384771373,15.000641699996777,66888,6469003.999995101,Timed (Base case),"{'n_starts': 10000, 'n_hops': 10, 'n_local_steps': 50, 'max_calculation_time': 15}"
Refugee,Base case,15,mdbh,mdbh,False,4,96.86514380938908,15.001212600000144,65571,6469003.999741249,Timed (Base case),"{'n_starts': 10000, 'n_hops': 10, 'n_local_steps': 50, 'max_calculation_time': 15}"
Refugee,Base case,15,mdbh,mdbh,False,5,96.85973246521294,15.000883999993675,66931,6469003.999994421,Timed (Base case),"{'n_starts': 10000, 'n_hops': 10, 'n_local_steps': 50, 'max_calculation_time': 15}"
Refugee,Base case,30,grid,grid,False,0,96.81402048580651,30.00035619999835,134483,6469004.0,Timed (Base case),{'max_calculation_time': 30}
Refugee,Base case,30,grid (capped),grid_capped,False,0,96.80843181793827,30.000110799999675,134536,6469004.0,Timed (Base case),{'max_calculation_time': 30}
Refugee,Base case,30,slsqp,slsqp,False,1,96.87125480211083,30.066324400002486,117903,6469004.0,Timed (Base case),"{'n_starts': 10000, 'max_calculation_time': 30}"
Refugee,Base case,30,slsqp,slsqp,False,2,96.87214868257014,30.00447840000561,117634,6469004.0,Timed (Base case),"{'n_starts': 10000, 'max_calculation_time': 30}"
Refugee,Base case,30,slsqp,slsqp,False,3,96.87173022787168,30.023545500000182,117368,6469004.0,Timed (Base case),"{'n_starts': 10000, 'max_calculation_time': 30}"
Refugee,Base case,30,slsqp,slsqp,False,4,96.87181150634048,30.082886500000313,117427,6469003.99995352,Timed (Base case),"{'n_starts': 10000, 'max_calculation_time': 30}"
Refugee,Base case,30,slsqp,slsqp,False,5,96.87108154496985,30.004046100002597,114429,6469004.000000001,Timed (Base case),"{'n_starts': 10000, 'max_calculation_time': 30}"
Refugee,Base case,30,slsqp (spend all),slsqp,True,1,96.87125496492035,30.014594899999793,117915,6469004.0,Timed (Base case),"{'n_starts': 10000, 'spend_all': True, 'max_calculation_time': 30}"
Refugee,Base case,30,slsqp (spend all),slsqp,True,2,96.8721486844225,30.077458800005843,117760,6469004.0,Timed (Base case),"{'n_starts': 10000, 'spend_all': True, 'max_calculation_time': 30}"
Refugee,Base case,30,slsqp (spend all),slsqp,True,3,96.87173769321518,30.035026199999265,117677,6469004.0,Timed (Base case),"{'n_starts': 10000, 'spend_all': True, 'max_calculation_time': 30}"
Refugee,Base case,30,slsqp (spend all),slsqp,True,4,96.87178660804969,30.033789299995988,116410,6469004.0,Timed (Base case),"{'n_starts': 10000, 'spend_all': True, 'max_calculation_time': 30}"
Refugee,Base case,30,slsqp (spend all),slsqp,True,5,96.87108151766417,30.01456380000309,115813,6469004.0,Timed (Base case),"{'n_starts': 10000, 'spend_all': True, 'max_calculation_time': 30}"
Refugee,Base case,30,basin_hopping,basin_hopping,False,1,96.87218994726045,30.011628799999016,118699,6469004.0,Timed (Base case),"{'n_starts': 1, 'n_hops': 1000000, 'max_calculation_time': 30}"
Refugee,Base case,30,basin_hopping,basin_hopping,False,2,96.87217558600295,30.01147309999942,117972,6469004.0,Timed (Base case),"{'n_starts': 1, 'n_hops': 1000000, 'max_calculation_time': 30}"
Refugee,Base case,30,basin_hopping,basin_hopping,False,3,96.87211210998035,30.008524600001692,115251,6469004.0,Timed (Base case),"{'n_starts': 1, 'n_hops': 1000000, 'max_calculation_time': 30}"
Refugee,Base case,30,basin_hopping,basin_hopping,False,4,96.87218059760829,30.02553139999509,115385,6469003.999965092,Timed (Base case),"{'n_starts': 1, 'n_hops': 1000000, 'max_calculation_time': 30}"
Refugee,Base case,30,basin_hopping,basin_hopping,False,5,96.872187929739,30.016481399994518,117894,6469003.999768384,Timed (Base case),"{'n_starts': 1, 'n_hops': 1000000, 'max_calculation_time': 30}"
Refugee,Base case,30,basin_hopping (spend all),basin_hopping,True,1,96.87217918483013,30.009764800000994,118405,6469003.999999999,Timed (Base case),"{'n_starts': 1, 'n_hops': 1000000, 'spend_all': True, 'max_calculation_time': 30}"
Refugee,Base case,30,basin_hopping (spend all),basin_hopping,True,2,96.87218285632147,30.029631600002176,117989,6469004.0,Timed (Base case),"{'n_starts': 1, 'n_hops': 1000000, 'spend_all': True, 'max_calculation_time': 30}"
Refugee,Base case,30,basin_hopping (spend all),basin_hopping,True,3,96.87212749474787,30.020595199996023,117637,6469004.0,Timed (Base case),"{'n_starts': 1, 'n_hops': 1000000, 'spend_all': True, 'max_calculation_time': 30}"
Refugee,Base case,30,basin_hopping (spend all),basin_hopping,True,4,96.87217151656786,30.02552000000287,117759,6469003.999999999,Timed (Base case),"{'n_starts': 1, 'n_hops': 1000000, 'spend_all': True, 'max_calculation_time': 30}"
Refugee,Base case,30,basin_hopping (spend all),basin_hopping,True,5,96.87218837252789,30.03627630000119,115876,6469004.0,Timed (Base case),"{'n_starts': 1, 'n_hops': 1000000, 'spend_all': True, 'max_calculation_time': 30}"
Refugee,Base case,30,genetic_algorithm,genetic_algorithm,False,1,96.87210777406794,30.009571299997333,124050,6469003.519070009,Timed (Base case),"{'population_size': 50, 'n_generations': 1000000, 'max_calculation_time': 30}"
Refugee,Base case,30,genetic_algorithm,genetic_algorithm,False,2,96.8721521124545,30.004660800004785,124600,6469004.0,Timed (Base case),"{'population_size': 50, 'n_generations': 1000000, 'max_calculation_time': 30}"
Refugee,Base case,30,genetic_algorithm,genetic_algorithm,False,3,96.87212323269262,30.0100139999995,121950,6469004.000000001,Timed (Base case),"{'population_size': 50, 'n_generations': 1000000, 'max_calculation_time': 30}"
Refugee,Base case,30,genetic_algorithm,genetic_algorithm,False,4,96.8721708343617,30.00118740000471,124150,6469004.0,Timed (Base case),"{'population_size': 50, 'n_generations': 1000000, 'max_calculation_time': 30}"
Refugee,Base case,30,genetic_algorithm,genetic_algorithm,False,5,96.87207946590026,30.004616899997927,123850,6469004.0,Timed (Base case),"{'population_size': 50, 'n_generations': 1000000, 'max_calculation_time': 30}"
Refugee,Base case,30,genetic_algorithm (spend all),genetic_algorithm,True,1,96.87218878734164,30.000197600005777,124650,6469004.0,Timed (Base case),"{'population_size': 50, 'n_generations': 1000000, 'spend_all': True, 'max_calculation_time': 30}"
Refugee,Base case,30,genetic_algorithm (spend all),genetic_algorithm,True,2,96.87218923141532,30.006776100002753,123850,6469004.000000001,Timed (Base case),"{'population_size': 50, 'n_generations': 1000000, 'spend_all': True, 'max_calculation_time': 30}"
Refugee,Base case,30,genetic_algorithm (spend all),genetic_algorithm,True,3,96.87217852171055,30.007894200003648,124450,6469004.0,Timed (Base case),"{'population_size': 50, 'n_generations': 1000000, 'spend_all': True, 'max_calculation_time': 30}"
Refugee,Base case,30,genetic_algorithm (spend all),genetic_algorithm,True,4,96.87213423359864,30.004289000004064,124500,6469004.0,Timed (Base case),"{'population_size': 50, 'n_generations': 1000000, 'spend_all': True, 'max_calculation_time': 30}"
Refugee,Base case,30,genetic_algorithm (spend all),genetic_algorithm,True,5,96.87217058931957,30.003847300002235,123800,6469004.0,Timed (Base case),"{'population_size': 50, 'n_generations': 1000000, 'spend_all': True, 'max_calculation_time': 30}"
Refugee,Base case,30,mdbh,mdbh,False,1,96.866610756402,30.001030600004015,132477,6469003.999992006,Timed (Base case),"{'n_starts': 10000, 'n_hops': 10, 'n_local_steps': 50, 'max_calculation_time': 30}"
Refugee,Base case,30,mdbh,mdbh,False,2,96.87120802081375,30.00126260000252,129569,6469003.921646986,Timed (Base case),"{'n_starts': 10000, 'n_hops': 10, 'n_local_steps': 50, 'max_calculation_time': 30}"
Refugee,Base case,30,mdbh,mdbh,False,3,96.87098310078994,30.001007899998513,133606,6469003.999994595,Timed (Base case),"{'n_starts': 10000, 'n_hops': 10, 'n_local_steps': 50, 'max_calculation_time': 30}"
Refugee,Base case,30,mdbh,mdbh,False,4,96.86885232822651,30.00098259999504,133229,6469003.999277085,Timed (Base case),"{'n_starts': 10000, 'n_hops': 10, 'n_local_steps': 50, 'max_calculation_time': 30}"
Refugee,Base case,30,mdbh,mdbh,False,5,96.86142253150899,30.001188100002764,133041,6469003.9999948945,Timed (Base case),"{'n_starts': 10000, 'n_hops': 10, 'n_local_steps': 50, 'max_calculation_time': 30}"
Refugee,Base case,60,grid,grid,False,0,96.81402048580651,60.00020339999901,268755,6469004.0,Timed (Base case),{'max_calculation_time': 60}
Refugee,Base case,60,grid (capped),grid_capped,False,0,96.80843181793827,60.00009429999773,268343,6469004.0,Timed (Base case),{'max_calculation_time': 60}
Refugee,Base case,60,slsqp,slsqp,False,1,96.87217172883352,60.02876590000233,235292,6469004.0,Timed (Base case),"{'n_starts': 10000, 'max_calculation_time': 60}"
Refugee,Base case,60,slsqp,slsqp,False,2,96.87214868257014,60.00945270000375,234245,6469004.0,Timed (Base case),"{'n_starts': 10000, 'max_calculation_time': 60}"
Refugee,Base case,60,slsqp,slsqp,False,3,96.87173022787168,60.02456329999404,235872,6469004.0,Timed (Base case),"{'n_starts': 10000, 'max_calculation_time': 60}"
Refugee,Base case,60,slsqp,slsqp,False,4,96.87209200395357,60.08209020000504,232294,6469004.0,Timed (Base case),"{'n_starts': 10000, 'max_calculation_time': 60}"
Refugee,Base case,60,slsqp,slsqp,False,5,96.87108154496985,60.017076000003726,232793,6469004.000000001,Timed (Base case),"{'n_starts': 10000, 'max_calculation_time': 60}"
Refugee,Base case,60,slsqp (spend all),slsqp,True,1,96.87214601766047,60.01071310000407,232692,6469004.000000001,Timed (Base case),"{'n_starts': 10000, 'spend_all': True, 'max_calculation_time': 60}"
Refugee,Base case,60,slsqp (spend all),slsqp,True,2,96.8721486844225,60.239535700005945,236159,6469004.0,Timed (Base case),"{'n_starts': 10000, 'spend_all': True, 'max_calculation_time': 60}"
Refugee,Base case,60,slsqp (spend all),slsqp,True,3,96.87173769321518,60.038098199998785,234571,6469004.0,Timed (Base case),"{'n_starts': 10000, 'spend_all': True, 'max_calculation_time': 60}"
Refugee,Base case,60,slsqp (spend all),slsqp,True,4,96.8720919991579,60.000784199997724,236841,6469004.0,Timed (Base case),"{'n_starts': 10000, 'spend_all': True, 'max_calculation_time': 60}"
Refugee,Base case,60,slsqp (spend all),slsqp,True,5,96.87108151766417,60.03719629999978,233811,6469004.0,Timed (Base case),"{'n_starts': 10000, 'spend_all': True, 'max_calculation_time': 60}"
Refugee,Base case,60,basin_hopping,basin_hopping,False,1,96.87219233955688,60.004444799997145,233108,6469003.999989913,Timed (Base case),"{'n_starts': 1, 'n_hops': 1000000, 'max_calculation_time': 60}"
Refugee,Base case,60,basin_hopping,basin_hopping,False,2,96.87217558600295,60.023405200001434,236436,6469004.0,Timed (Base case),"{'n_starts': 1, 'n_hops': 1000000, 'max_calculation_time': 60}"
Refugee,Base case,60,basin_hopping,basin_hopping,False,3,96.8721790363095,60.00483399999939,232362,6469004.0,Timed (Base case),"{'n_starts': 1, 'n_hops': 1000000, 'max_calculation_time': 60}"
Refugee,Base case,60,basin_hopping,basin_hopping,False,4,96.87218059760829,60.020402499998454,225079,6469003.999965092,Timed (Base case),"{'n_starts': 1, 'n_hops': 1000000, 'max_calculation_time': 60}"
Refugee,Base case,60,basin_hopping,basin_hopping,False,5,96.87218849941239,60.02582670000265,223714,6469003.999999999,Timed (Base case),"{'n_starts': 1, 'n_hops': 1000000, 'max_calculation_time': 60}"
Refugee,Base case,60,basin_hopping (spend all),basin_hopping,True,1,96.8721821310376,60.02295339999546,223131,6469004.0,Timed (Base case),"{'n_starts': 1, 'n_hops': 1000000, 'spend_all': True, 'max_calculation_time': 60}"
Refugee,Base case,60,basin_hopping (spend all),basin_hopping,True,2,96.87218285632147,60.04523870000412,233615,6469004.0,Timed (Base case),"{'n_starts': 1, 'n_hops': 1000000, 'spend_all': True, 'max_calculation_time': 60}"
Refugee,Base case,60,basin_hopping (spend all),basin_hopping,True,3,96.87218017394795,60.02326969999558,234452,6469004.0,Timed (Base case),"{'n_starts': 1, 'n_hops': 1000000, 'spend_all': True, 'max_calculation_time': 60}"
Refugee,Base case,60,basin_hopping (spend all),basin_hopping,True,4,96.87217151656786,60.00213709999662,235081,6469003.999999999,Timed (Base case),"{'n_starts': 1, 'n_hops': 1000000, 'spend_all': True, 'max_calculation_time': 60}"
Refugee,Base case,60,basin_hopping (spend all),basin_hopping,True,5,96.87218957718949,60.044505399993795,233795,6469004.0,Timed (Base case),"{'n_starts': 1, 'n_hops': 1000000, 'spend_all': True, 'max_calculation_time': 60}"
Refugee,Base case,60,genetic_algorithm,genetic_algorithm,False,1,96.87217473680784,60.00807210000494,244350,6469004.0,Timed (Base case),"{'population_size': 50, 'n_generations': 1000000, 'max_calculation_time': 60}"
Refugee,Base case,60,genetic_algorithm,genetic_algorithm,False,2,96.87217924473907,60.00548840000556,249850,6469003.999999999,Timed (Base case),"{'population_size': 50, 'n_generations': 1000000, 'max_calculation_time': 60}"
Refugee,Base case,60,genetic_algorithm,genetic_algorithm,False,3,96.872180894671,60.00672869999835,248200,6469003.999999998,Timed (Base case),"{'population_size': 50, 'n_generations': 1000000, 'max_calculation_time': 60}"
Refugee,Base case,60,genetic_algorithm,genetic_algorithm,False,4,96.8721877728193,60.00578089999908,248950,6469003.99549301,Timed (Base case),"{'population_size': 50, 'n_generations': 1000000, 'max_calculation_time': 60}"
Refugee,Base case,60,genetic_algorithm,genetic_algorithm,False,5,96.87214982588108,60.00263779999659,248950,6469003.999999999,Timed (Base case),"{'population_size': 50, 'n_generations': 1000000, 'max_calculation_time': 60}"
Refugee,Base case,60,genetic_algorithm (spend all),genetic_algorithm,True,1,96.87219089315167,60.00171749999572,245700,6469004.0,Timed (Base case),"{'population_size': 50, 'n_generations': 1000000, 'spend_all': True, 'max_calculation_time': 60}"
Refugee,Base case,60,genetic_algorithm (spend all),genetic_algorithm,True,2,96.87219255556899,60.00667660000181,248450,6469004.0,Timed (Base case),"{'population_size': 50, 'n_generations': 1000000, 'spend_all': True, 'max_calculation_time': 60}"
Refugee,Base case,60,genetic_algorithm (spend all),genetic_algorithm,True,3,96.87219116766016,60.00210159999551,249000,6469004.000000001,Timed (Base case),"{'population_size': 50, 'n_generations': 1000000, 'spend_all': True, 'max_calculation_time': 60}"
Refugee,Base case,60,genetic_algorithm (spend all),genetic_algorithm,True,4,96.87219258238619,60.00015209999401,247700,6469004.0,Timed (Base case),"{'population_size': 50, 'n_generations': 1000000, 'spend_all': True, 'max_calculation_time': 60}"
Refugee,Base case,60,genetic_algorithm (spend all),genetic_algorithm,True,5,96.87217295708089,60.01108860000386,245700,6469004.000000001,Timed (Base case),"{'population_size': 50, 'n_generations': 1000000, 'spend_all': True, 'max_calculation_time': 60}"
Refugee,Base case,60,mdbh,mdbh,False,1,96.87012993545146,60.00032839999767,267351,6469003.999994362,Timed (Base case),"{'n_starts': 10000, 'n_hops': 10, 'n_local_steps': 50, 'max_calculation_time': 60}"
Refugee,Base case,60,mdbh,mdbh,False,2,96.87120802081375,60.001085600000806,269127,6469003.921646986,Timed (Base case),"{'n_starts': 10000, 'n_hops': 10, 'n_local_steps': 50, 'max_calculation_time': 60}"
Refugee,Base case,60,mdbh,mdbh,False,3,96.87098310078994,60.001207799999975,265494,6469003.999994595,Timed (Base case),"{'n_starts': 10000, 'n_hops': 10, 'n_local_steps': 50, 'max_calculation_time': 60}"
Refugee,Base case,60,mdbh,mdbh,False,4,96.86885232822651,60.00112600000284,267284,6469003.999277085,Timed (Base case),"{'n_starts': 10000, 'n_hops': 10, 'n_local_steps': 50, 'max_calculation_time': 60}"
Refugee,Base case,60,mdbh,mdbh,False,5,96.86142253150899,60.000097500000265,265342,6469003.9999948945,Timed (Base case),"{'n_starts': 10000, 'n_hops': 10, 'n_local_steps': 50, 'max_calculation_time': 60}"
Refugee,Base case,120,grid,grid,False,0,96.81402048580651,120.00010950000433,532297,6469004.0,Timed (Base case),{'max_calculation_time': 120}
Refugee,Base case,120,grid (capped),grid_capped,False,0,96.81402048580651,120.00006650000432,537758,6469004.0,Timed (Base case),{'max_calculation_time': 120}
Refugee,Base case,120,slsqp,slsqp,False,1,96.87217172883352,120.02340649999678,469796,6469004.0,Timed (Base case),"{'n_starts': 10000, 'max_calculation_time': 120}"
Refugee,Base case,120,slsqp,slsqp,False,2,96.87214868257014,120.04861230000097,467677,6469004.0,Timed (Base case),"{'n_starts': 10000, 'max_calculation_time': 120}"
Refugee,Base case,120,slsqp,slsqp,False,3,96.87217376182392,120.0237300000008,468408,6469003.999946011,Timed (Base case),"{'n_starts': 10000, 'max_calculation_time': 120}"
Refugee,Base case,120,slsqp,slsqp,False,4,96.87209200395357,120.03299990000232,472688,6469004.0,Timed (Base case),"{'n_starts': 10000, 'max_calculation_time': 120}"
Refugee,Base case,120,slsqp,slsqp,False,5,96.87182584465825,120.03408460000355,470461,6469004.0,Timed (Base case),"{'n_starts': 10000, 'max_calculation_time': 120}"
Refugee,Base case,120,slsqp (spend all),slsqp,True,1,96.87217701565203,120.0194948999997,468859,6469004.0,Timed (Base case),"{'n_starts': 10000, 'spend_all': True, 'max_calculation_time': 120}"
Refugee,Base case,120,slsqp (spend all),slsqp,True,2,96.87214869290038,120.01515410000138,469904,6469004.0,Timed (Base case),"{'n_starts': 10000, 'spend_all': True, 'max_calculation_time': 120}"
Refugee,Base case,120,slsqp (spend all),slsqp,True,3,96.87215400034509,120.02818149999803,466424,6469004.0,Timed (Base case),"{'n_starts': 10000, 'spend_all': True, 'max_calculation_time': 120}"
Refugee,Base case,120,slsqp (spend all),slsqp,True,4,96.8720919991579,120.01515610000206,469608,6469004.0,Timed (Base case),"{'n_starts': 10000, 'spend_all': True, 'max_calculation_time': 120}"
Refugee,Base case,120,slsqp (spend all),slsqp,True,5,96.87182576673477,120.04585390000284,470094,6469004.000000001,Timed (Base case),"{'n_starts': 10000, 'spend_all': True, 'max_calculation_time': 120}"
Refugee,Base case,120,basin_hopping,basin_hopping,False,1,96.87219233955688,120.00714049999806,468060,6469003.999989913,Timed (Base case),"{'n_starts': 1, 'n_hops': 1000000, 'max_calculation_time': 120}"
Refugee,Base case,120,basin_hopping,basin_hopping,False,2,96.87217558600295,120.00694620000286,469700,6469004.0,Timed (Base case),"{'n_starts': 1, 'n_hops': 1000000, 'max_calculation_time': 120}"
Refugee,Base case,120,basin_hopping,basin_hopping,False,3,96.87218982815332,120.00829569999769,464257,6469004.000000001,Timed (Base case),"{'n_starts': 1, 'n_hops': 1000000, 'max_calculation_time': 120}"
Refugee,Base case,120,basin_hopping,basin_hopping,False,4,96.87218059760829,120.0158459000013,470647,6469003.999965092,Timed (Base case),"{'n_starts': 1, 'n_hops': 1000000, 'max_calculation_time': 120}"
Refugee,Base case,120,basin_hopping,basin_hopping,False,5,96.87218849941239,120.0144863999958,467698,6469003.999999999,Timed (Base case),"{'n_starts': 1, 'n_hops': 1000000, 'max_calculation_time': 120}"
Refugee,Base case,120,basin_hopping (spend all),basin_hopping,True,1,96.87219136047872,120.01342579999618,471700,6469003.999999999,Timed (Base case),"{'n_starts': 1, 'n_hops': 1000000, 'spend_all': True, 'max_calculation_time': 120}"
Refugee,Base case,120,basin_hopping (spend all),basin_hopping,True,2,96.87219224936725,120.0053412000052,469523,6469004.0,Timed (Base case),"{'n_starts': 1, 'n_hops': 1000000, 'spend_all': True, 'max_calculation_time': 120}"
Refugee,Base case,120,basin_hopping (spend all),basin_hopping,True,3,96.87219058132337,120.01311700000224,468510,6469004.0,Timed (Base case),"{'n_starts': 1, 'n_hops': 1000000, 'spend_all': True, 'max_calculation_time': 120}"
Refugee,Base case,120,basin_hopping (spend all),basin_hopping,True,4,96.87219107384551,120.00226850000035,466704,6469004.0,Timed (Base case),"{'n_starts': 1, 'n_hops': 1000000, 'spend_all': True, 'max_calculation_time': 120}"
Refugee,Base case,120,basin_hopping (spend all),basin_hopping,True,5,96.87219173837246,120.008966100002,467567,6469004.0,Timed (Base case),"{'n_starts': 1, 'n_hops': 1000000, 'spend_all': True, 'max_calculation_time': 120}"
Refugee,Base case,120,genetic_algorithm,genetic_algorithm,False,1,96.87218778885814,120.00483710000117,495700,6469004.0,Timed (Base case),"{'population_size': 50, 'n_generations': 1000000, 'max_calculation_time': 120}"
Refugee,Base case,120,genetic_algorithm,genetic_algorithm,False,2,96.87218308430238,120.00996099999611,498500,6469004.0,Timed (Base case),"{'population_size': 50, 'n_generations': 1000000, 'max_calculation_time': 120}"
Refugee,Base case,120,genetic_algorithm,genetic_algorithm,False,3,96.87219086972313,120.00798040000518,494650,6469004.000000001,Timed (Base case),"{'population_size': 50, 'n_generations': 1000000, 'max_calculation_time': 120}"
Refugee,Base case,120,genetic_algorithm,genetic_algorithm,False,4,96.87219048665989,120.00468900000124,499700,6469004.000000001,Timed (Base case),"{'population_size': 50, 'n_generations': 1000000, 'max_calculation_time': 120}"
Refugee,Base case,120,genetic_algorithm,genetic_algorithm,False,5,96.87217928854324,120.00700929999584,496000,6469004.000000001,Timed (Base case),"{'population_size': 50, 'n_generations': 1000000, 'max_calculation_time': 120}"
Refugee,Base case,120,genetic_algorithm (spend all),genetic_algorithm,True,1,96.8721931682586,120.00808430000325,499200,6469004.000000001,Timed (Base case),"{'population_size': 50, 'n_generations': 1000000, 'spend_all': True, 'max_calculation_time': 120}"
Refugee,Base case,120,genetic_algorithm (spend all),genetic_algorithm,True,2,96.872192555569,120.00072109999746,495600,6469004.000000001,Timed (Base case),"{'population_size': 50, 'n_generations': 1000000, 'spend_all': True, 'max_calculation_time': 120}"
Refugee,Base case,120,genetic_algorithm (spend all),genetic_algorithm,True,3,96.87219116766016,120.0057037000006,495800,6469004.0,Timed (Base case),"{'population_size': 50, 'n_generations': 1000000, 'spend_all': True, 'max_calculation_time': 120}"
Refugee,Base case,120,genetic_algorithm (spend all),genetic_algorithm,True,4,96.87219319334207,120.0043388999984,496650,6469004.0,Timed (Base case),"{'population_size': 50, 'n_generations': 1000000, 'spend_all': True, 'max_calculation_time': 120}"
Refugee,Base case,120,genetic_algorithm (spend all),genetic_algorithm,True,5,96.87219073013898,120.00612039999396,491850,6469004.000000002,Timed (Base case),"{'population_size': 50, 'n_generations': 1000000, 'spend_all': True, 'max_calculation_time': 120}"
Refugee,Base case,120,mdbh,mdbh,False,1,96.87081166452288,120.00089060000028,535232,6469003.999994539,Timed (Base case),"{'n_starts': 10000, 'n_hops': 10, 'n_local_steps': 50, 'max_calculation_time': 120}"
Refugee,Base case,120,mdbh,mdbh,False,2,96.87120802081375,120.00048409999727,534545,6469003.921646986,Timed (Base case),"{'n_starts': 10000, 'n_hops': 10, 'n_local_steps': 50, 'max_calculation_time': 120}"
Refugee,Base case,120,mdbh,mdbh,False,3,96.87098310078994,120.00073669999983,531744,6469003.999994595,Timed (Base case),"{'n_starts': 10000, 'n_hops': 10, 'n_local_steps': 50, 'max_calculation_time': 120}"
Refugee,Base case,120,mdbh,mdbh,False,4,96.86885232822651,120.00110099999438,532486,6469003.999277085,Timed (Base case),"{'n_starts': 10000, 'n_hops': 10, 'n_local_steps': 50, 'max_calculation_time': 120}"
Refugee,Base case,120,mdbh,mdbh,False,5,96.86710248164763,120.00008480000542,532298,6469003.999994887,Timed (Base case),"{'n_starts': 10000, 'n_hops': 10, 'n_local_steps': 50, 'max_calculation_time': 120}"
IZZ,Base case,15,grid,grid,False,0,69.09675351367027,15.00015529999655,60453,100.0,Timed (Base case),{'max_calculation_time': 15}
IZZ,Base case,15,grid (capped),grid_capped,False,0,68.73221825071926,15.000189899998077,59658,100.0,Timed (Base case),{'max_calculation_time': 15}
IZZ,Base case,15,slsqp,slsqp,False,1,69.19053574401968,15.023926299996674,54911,99.99999999999999,Timed (Base case),"{'n_starts': 10000, 'max_calculation_time': 15}"
IZZ,Base case,15,slsqp,slsqp,False,2,69.19052973665687,15.01604860000225,54278,100.00000000000001,Timed (Base case),"{'n_starts': 10000, 'max_calculation_time': 15}"
IZZ,Base case,15,slsqp,slsqp,False,3,69.19054512701015,15.010909000004176,54899,100.00000000000003,Timed (Base case),"{'n_starts': 10000, 'max_calculation_time': 15}"
IZZ,Base case,15,slsqp,slsqp,False,4,69.1905312850606,15.01107729999785,55228,99.9999999991387,Timed (Base case),"{'n_starts': 10000, 'max_calculation_time': 15}"
IZZ,Base case,15,slsqp,slsqp,False,5,69.1905515509028,15.02624349999678,54353,99.99999999999999,Timed (Base case),"{'n_starts': 10000, 'max_calculation_time': 15}"
IZZ,Base case,15,slsqp (spend all),slsqp,True,1,69.19054329043243,15.02231639999809,55611,100.0,Timed (Base case),"{'n_starts': 10000, 'spend_all': True, 'max_calculation_time': 15}"
IZZ,Base case,15,slsqp (spend all),slsqp,True,2,69.19054798319692,15.066355000002659,55364,100.0,Timed (Base case),"{'n_starts': 10000, 'spend_all': True, 'max_calculation_time': 15}"
IZZ,Base case,15,slsqp (spend all),slsqp,True,3,69.19052982382728,15.010610299999826,54572,100.0,Timed (Base case),"{'n_starts': 10000, 'spend_all': True, 'max_calculation_time': 15}"
IZZ,Base case,15,slsqp (spend all),slsqp,True,4,69.19054349251795,15.00084799999604,55077,100.0,Timed (Base case),"{'n_starts': 10000, 'spend_all': True, 'max_calculation_time': 15}"
IZZ,Base case,15,slsqp (spend all),slsqp,True,5,69.19054436703317,15.065219099997194,54944,100.0,Timed (Base case),"{'n_starts': 10000, 'spend_all': True, 'max_calculation_time': 15}"
IZZ,Base case,15,basin_hopping,basin_hopping,False,1,69.19051657993177,15.01330450000387,54341,99.99999999998914,Timed (Base case),"{'n_starts': 1, 'n_hops': 1000000, 'max_calculation_time': 15}"
IZZ,Base case,15,basin_hopping,basin_hopping,False,2,69.19055086717847,15.006921100000909,51961,99.99999999999999,Timed (Base case),"{'n_starts': 1, 'n_hops': 1000000, 'max_calculation_time': 15}"
IZZ,Base case,15,basin_hopping,basin_hopping,False,3,69.1905320950453,15.038981999998214,54305,100.00000000000003,Timed (Base case),"{'n_starts': 1, 'n_hops': 1000000, 'max_calculation_time': 15}"
IZZ,Base case,15,basin_hopping,basin_hopping,False,4,69.1905312850606,15.034817400002794,55267,99.9999999991387,Timed (Base case),"{'n_starts': 1, 'n_hops': 1000000, 'max_calculation_time': 15}"
IZZ,Base case,15,basin_hopping,basin_hopping,False,5,69.19050942647054,15.047416800000065,54796,100.0,Timed (Base case),"{'n_starts': 1, 'n_hops': 1000000, 'max_calculation_time': 15}"
IZZ,Base case,15,basin_hopping (spend all),basin_hopping,True,1,69.19053614865999,15.04116570000042,54723,100.00000000000001,Timed (Base case),"{'n_starts': 1, 'n_hops': 1000000, 'spend_all': True, 'max_calculation_time': 15}"
IZZ,Base case,15,basin_hopping (spend all),basin_hopping,True,2,69.19052335131047,15.042984499996237,55252,100.00000000000001,Timed (Base case),"{'n_starts': 1, 'n_hops': 1000000, 'spend_all': True, 'max_calculation_time': 15}"
IZZ,Base case,15,basin_hopping (spend all),basin_hopping,True,3,69.19054151186765,15.05636489999597,54976,100.00000000000001,Timed (Base case),"{'n_starts': 1, 'n_hops': 1000000, 'spend_all': True, 'max_calculation_time': 15}"
IZZ,Base case,15,basin_hopping (spend all),basin_hopping,True,4,69.19054349251795,15.027241700001468,55388,100.0,Timed (Base case),"{'n_starts': 1, 'n_hops': 1000000, 'spend_all': True, 'max_calculation_time': 15}"
IZZ,Base case,15,basin_hopping (spend all),basin_hopping,True,5,69.19052064808002,15.032793800004583,55154,100.00000000000001,Timed (Base case),"{'n_starts': 1, 'n_hops': 1000000, 'spend_all': True, 'max_calculation_time': 15}"
IZZ,Base case,15,genetic_algorithm,genetic_algorithm,False,1,69.19022236170099,15.001005400001304,56250,99.99959718769118,Timed (Base case),"{'population_size': 50, 'n_generations': 1000000, 'max_calculation_time': 15}"
IZZ,Base case,15,genetic_algorithm,genetic_algorithm,False,2,69.18971319901951,15.010497600000235,57100,99.99942661896934,Timed (Base case),"{'population_size': 50, 'n_generations': 1000000, 'max_calculation_time': 15}"
IZZ,Base case,15,genetic_algorithm,genetic_algorithm,False,3,69.19033714316726,15.008391700001084,56850,99.99923390558746,Timed (Base case),"{'population_size': 50, 'n_generations': 1000000, 'max_calculation_time': 15}"
IZZ,Base case,15,genetic_algorithm,genetic_algorithm,False,4,69.19032253599339,15.005642599993735,56950,99.99979796225071,Timed (Base case),"{'population_size': 50, 'n_generations': 1000000, 'max_calculation_time': 15}"
IZZ,Base case,15,genetic_algorithm,genetic_algorithm,False,5,69.19022969473237,15.002683500002604,57400,100.0,Timed (Base case),"{'population_size': 50, 'n_generations': 1000000, 'max_calculation_time': 15}"
IZZ,Base case,15,genetic_algorithm (spend all),genetic_algorithm,True,1,69.19037233371651,15.00628080000024,56600,100.00000000000001,Timed (Base case),"{'population_size': 50, 'n_generations': 1000000, 'spend_all': True, 'max_calculation_time': 15}"
IZZ,Base case,15,genetic_algorithm (spend all),genetic_algorithm,True,2,69.19012288505601,15.009695100001409,57050,100.0,Timed (Base case),"{'population_size': 50, 'n_generations': 1000000, 'spend_all': True, 'max_calculation_time': 15}"
IZZ,Base case,15,genetic_algorithm (spend all),genetic_algorithm,True,3,69.19032668041008,15.000580899999477,54100,100.0,Timed (Base case),"{'population_size': 50, 'n_generations': 1000000, 'spend_all': True, 'max_calculation_time': 15}"
IZZ,Base case,15,genetic_algorithm (spend all),genetic_algorithm,True,4,69.19020142069488,15.009602600002836,56650,100.0,Timed (Base case),"{'population_size': 50, 'n_generations': 1000000, 'spend_all': True, 'max_calculation_time': 15}"
IZZ,Base case,15,genetic_algorithm (spend all),genetic_algorithm,True,5,69.19021079545624,15.012349999997241,56700,100.0,Timed (Base case),"{'population_size': 50, 'n_generations': 1000000, 'spend_all': True, 'max_calculation_time': 15}"
IZZ,Base case,15,mdbh,mdbh,False,1,69.19025370774085,15.000065299995185,59999,99.9994125772016,Timed (Base case),"{'n_starts': 10000, 'n_hops': 10, 'n_local_steps': 50, 'max_calculation_time': 15}"
IZZ,Base case,15,mdbh,mdbh,False,2,69.19019124434438,15.000394899994717,61337,99.99968291858957,Timed (Base case),"{'n_starts': 10000, 'n_hops': 10, 'n_local_steps': 50, 'max_calculation_time': 15}"
IZZ,Base case,15,mdbh,mdbh,False,3,69.19031363561447,15.002025399997365,61160,99.99976872143209,Timed (Base case),"{'n_starts': 10000, 'n_hops': 10, 'n_local_steps': 50, 'max_calculation_time': 15}"
IZZ,Base case,15,mdbh,mdbh,False,4,69.19019190258243,15.00138909999805,61093,99.96978939536908,Timed (Base case),"{'n_starts': 10000, 'n_hops': 10, 'n_local_steps': 50, 'max_calculation_time': 15}"
IZZ,Base case,15,mdbh,mdbh,False,5,69.19020785439828,15.000853999998071,60957,99.98964998358777,Timed (Base case),"{'n_starts': 10000, 'n_hops': 10, 'n_local_steps': 50, 'max_calculation_time': 15}"
IZZ,Base case,30,grid,grid,False,0,69.09675351367027,30.000188099998923,119205,100.0,Timed (Base case),{'max_calculation_time': 30}
IZZ,Base case,30,grid (capped),grid_capped,False,0,68.88450249586113,30.000193300002138,118889,100.0,Timed (Base case),{'max_calculation_time': 30}
IZZ,Base case,30,slsqp,slsqp,False,1,69.19054543542991,30.04273739999917,109496,100.0,Timed (Base case),"{'n_starts': 10000, 'max_calculation_time': 30}"
IZZ,Base case,30,slsqp,slsqp,False,2,69.19054346932815,30.03705700000137,110839,99.99999999999999,Timed (Base case),"{'n_starts': 10000, 'max_calculation_time': 30}"
IZZ,Base case,30,slsqp,slsqp,False,3,69.19054512701015,30.07442119999905,108733,100.00000000000003,Timed (Base case),"{'n_starts': 10000, 'max_calculation_time': 30}"
IZZ,Base case,30,slsqp,slsqp,False,4,69.19054302665052,30.011725000003935,109390,99.99996103018147,Timed (Base case),"{'n_starts': 10000, 'max_calculation_time': 30}"
IZZ,Base case,30,slsqp,slsqp,False,5,69.1905515509028,30.08554159999767,110400,99.99999999999999,Timed (Base case),"{'n_starts': 10000, 'max_calculation_time': 30}"
IZZ,Base case,30,slsqp (spend all),slsqp,True,1,69.19054329043243,30.063282400005846,109219,100.0,Timed (Base case),"{'n_starts': 10000, 'spend_all': True, 'max_calculation_time': 30}"
IZZ,Base case,30,slsqp (spend all),slsqp,True,2,69.19054798319692,30.061715999996522,109931,100.0,Timed (Base case),"{'n_starts': 10000, 'spend_all': True, 'max_calculation_time': 30}"
IZZ,Base case,30,slsqp (spend all),slsqp,True,3,69.1905365207822,30.10190679999505,110509,100.0,Timed (Base case),"{'n_starts': 10000, 'spend_all': True, 'max_calculation_time': 30}"
IZZ,Base case,30,slsqp (spend all),slsqp,True,4,69.19054349251795,30.04552230000263,110506,100.0,Timed (Base case),"{'n_starts': 10000, 'spend_all': True, 'max_calculation_time': 30}"
IZZ,Base case,30,slsqp (spend all),slsqp,True,5,69.19054436703317,30.0302898000009,110701,100.0,Timed (Base case),"{'n_starts': 10000, 'spend_all': True, 'max_calculation_time': 30}"
IZZ,Base case,30,basin_hopping,basin_hopping,False,1,69.1905392992963,30.082368499999575,110600,99.99999999999999,Timed (Base case),"{'n_starts': 1, 'n_hops': 1000000, 'max_calculation_time': 30}"
IZZ,Base case,30,basin_hopping,basin_hopping,False,2,69.19055086717847,30.055374799994752,107708,99.99999999999999,Timed (Base case),"{'n_starts': 1, 'n_hops': 1000000, 'max_calculation_time': 30}"
IZZ,Base case,30,basin_hopping,basin_hopping,False,3,69.1905320950453,30.02568629999587,110669,100.00000000000003,Timed (Base case),"{'n_starts': 1, 'n_hops': 1000000, 'max_calculation_time': 30}"
IZZ,Base case,30,basin_hopping,basin_hopping,False,4,69.1905440041569,30.006830599995737,110876,100.0,Timed (Base case),"{'n_starts': 1, 'n_hops': 1000000, 'max_calculation_time': 30}"
IZZ,Base case,30,basin_hopping,basin_hopping,False,5,69.19050942647054,30.057236099994043,109128,100.0,Timed (Base case),"{'n_starts': 1, 'n_hops': 1000000, 'max_calculation_time': 30}"
IZZ,Base case,30,basin_hopping (spend all),basin_hopping,True,1,69.19053614865999,30.273323600005824,110556,100.00000000000001,Timed (Base case),"{'n_starts': 1, 'n_hops': 1000000, 'spend_all': True, 'max_calculation_time': 30}"
IZZ,Base case,30,basin_hopping (spend all),basin_hopping,True,2,69.1905400188323,30.0973113,109917,100.0,Timed (Base case),"{'n_starts': 1, 'n_hops': 1000000, 'spend_all': True, 'max_calculation_time': 30}"
IZZ,Base case,30,basin_hopping (spend all),basin_hopping,True,3,69.19054151186765,30.06370920000336,109695,100.00000000000001,Timed (Base case),"{'n_starts': 1, 'n_hops': 1000000, 'spend_all': True, 'max_calculation_time': 30}"
IZZ,Base case,30,basin_hopping (spend all),basin_hopping,True,4,69.19054349251795,30.34155869999813,111064,100.0,Timed (Base case),"{'n_starts': 1, 'n_hops': 1000000, 'spend_all': True, 'max_calculation_time': 30}"
IZZ,Base case,30,basin_hopping (spend all),basin_hopping,True,5,69.19053599811781,30.04292670000723,109879,100.0,Timed (Base case),"{'n_starts': 1, 'n_hops': 1000000, 'spend_all': True, 'max_calculation_time': 30}"
IZZ,Base case,30,genetic_algorithm,genetic_algorithm,False,1,69.19022256684266,30.00110400000267,111000,99.99999999999997,Timed (Base case),"{'population_size': 50, 'n_generations': 1000000, 'max_calculation_time': 30}"
IZZ,Base case,30,genetic_algorithm,genetic_algorithm,False,2,69.18976075653947,30.001847300001828,113550,99.99999999999997,Timed (Base case),"{'population_size': 50, 'n_generations': 1000000, 'max_calculation_time': 30}"
IZZ,Base case,30,genetic_algorithm,genetic_algorithm,False,3,69.19033721718753,30.009551200004353,114150,99.99999999999999,Timed (Base case),"{'population_size': 50, 'n_generations': 1000000, 'max_calculation_time': 30}"
IZZ,Base case,30,genetic_algorithm,genetic_algorithm,False,4,69.19032254354984,30.005011899993406,114400,99.99979803759922,Timed (Base case),"{'population_size': 50, 'n_generations': 1000000, 'max_calculation_time': 30}"
IZZ,Base case,30,genetic_algorithm,genetic_algorithm,False,5,69.1902463017691,30.004873700003373,113900,100.0,Timed (Base case),"{'population_size': 50, 'n_generations': 1000000, 'max_calculation_time': 30}"
IZZ,Base case,30,genetic_algorithm (spend all),genetic_algorithm,True,1,69.19037258384465,30.00994250000076,113700,100.00000000000001,Timed (Base case),"{'population_size': 50, 'n_generations': 1000000, 'spend_all': True, 'max_calculation_time': 30}"
IZZ,Base case,30,genetic_algorithm (spend all),genetic_algorithm,True,2,69.19054992987199,30.010538499998802,113050,100.0,Timed (Base case),"{'population_size': 50, 'n_generations': 1000000, 'spend_all': True, 'max_calculation_time': 30}"
IZZ,Base case,30,genetic_algorithm (spend all),genetic_algorithm,True,3,69.19045882233084,30.004126600004383,112850,99.99999999999999,Timed (Base case),"{'population_size': 50, 'n_generations': 1000000, 'spend_all': True, 'max_calculation_time': 30}"
IZZ,Base case,30,genetic_algorithm (spend all),genetic_algorithm,True,4,69.1902278762604,30.00987460000033,114700,100.0,Timed (Base case),"{'population_size': 50, 'n_generations': 1000000, 'spend_all': True, 'max_calculation_time': 30}"
IZZ,Base case,30,genetic_algorithm (spend all),genetic_algorithm,True,5,69.19024840250655,30.004222800002026,111350,100.00000000000001,Timed (Base case),"{'population_size': 50, 'n_generations': 1000000, 'spend_all': True, 'max_calculation_time': 30}"
IZZ,Base case,30,mdbh,mdbh,False,1,69.19025370774085,30.001691600002232,121240,99.9994125772016,Timed (Base case),"{'n_starts': 10000, 'n_hops': 10, 'n_local_steps': 50, 'max_calculation_time': 30}"
IZZ,Base case,30,mdbh,mdbh,False,2,69.19019124434438,30.000209200006793,121464,99.99968291858957,Timed (Base case),"{'n_starts': 10000, 'n_hops': 10, 'n_local_steps': 50, 'max_calculation_time': 30}"
IZZ,Base case,30,mdbh,mdbh,False,3,69.19032188252324,30.00135749999754,121626,99.9718014339328,Timed (Base case),"{'n_starts': 10000, 'n_hops': 10, 'n_local_steps': 50, 'max_calculation_time': 30}"
IZZ,Base case,30,mdbh,mdbh,False,4,69.19028407660012,30.000619800004642,120974,99.9999746410582,Timed (Base case),"{'n_starts': 10000, 'n_hops': 10, 'n_local_steps': 50, 'max_calculation_time': 30}"
IZZ,Base case,30,mdbh,mdbh,False,5,69.19022816788059,30.00108360000013,120653,99.99999999078203,Timed (Base case),"{'n_starts': 10000, 'n_hops': 10, 'n_local_steps': 50, 'max_calculation_time': 30}"
IZZ,Base case,60,grid,grid,False,0,69.09675351367027,60.00019479999901,240872,100.0,Timed (Base case),{'max_calculation_time': 60}
IZZ,Base case,60,grid (capped),grid_capped,False,0,69.09675351367027,60.00017390000721,238634,100.0,Timed (Base case),{'max_calculation_time': 60}
IZZ,Base case,60,slsqp,slsqp,False,1,69.190548561642,60.05920840000181,220510,99.99999999999896,Timed (Base case),"{'n_starts': 10000, 'max_calculation_time': 60}"
IZZ,Base case,60,slsqp,slsqp,False,2,69.19054346932815,60.043673700005456,220723,99.99999999999999,Timed (Base case),"{'n_starts': 10000, 'max_calculation_time': 60}"
IZZ,Base case,60,slsqp,slsqp,False,3,69.19054512701015,60.019208899997466,218337,100.00000000000003,Timed (Base case),"{'n_starts': 10000, 'max_calculation_time': 60}"
IZZ,Base case,60,slsqp,slsqp,False,4,69.1905479296398,60.04941300000064,221318,100.0,Timed (Base case),"{'n_starts': 10000, 'max_calculation_time': 60}"
IZZ,Base case,60,slsqp,slsqp,False,5,69.1905515509028,60.025052199998754,218014,99.99999999999999,Timed (Base case),"{'n_starts': 10000, 'max_calculation_time': 60}"
IZZ,Base case,60,slsqp (spend all),slsqp,True,1,69.1905505432962,60.025306100003945,220500,100.0,Timed (Base case),"{'n_starts': 10000, 'spend_all': True, 'max_calculation_time': 60}"
IZZ,Base case,60,slsqp (spend all),slsqp,True,2,69.19054837225099,60.05890450000152,219983,100.0,Timed (Base case),"{'n_starts': 10000, 'spend_all': True, 'max_calculation_time': 60}"
IZZ,Base case,60,slsqp (spend all),slsqp,True,3,69.19054340375476,60.008690500006196,218517,100.0,Timed (Base case),"{'n_starts': 10000, 'spend_all': True, 'max_calculation_time': 60}"
IZZ,Base case,60,slsqp (spend all),slsqp,True,4,69.19054349251795,60.00327929999912,220116,100.0,Timed (Base case),"{'n_starts': 10000, 'spend_all': True, 'max_calculation_time': 60}"
IZZ,Base case,60,slsqp (spend all),slsqp,True,5,69.19054545213271,60.04643680000299,218425,100.0,Timed (Base case),"{'n_starts': 10000, 'spend_all': True, 'max_calculation_time': 60}"
IZZ,Base case,60,basin_hopping,basin_hopping,False,1,69.19055127505627,60.105586999998195,218189,100.0,Timed (Base case),"{'n_starts': 1, 'n_hops': 1000000, 'max_calculation_time': 60}"
IZZ,Base case,60,basin_hopping,basin_hopping,False,2,69.19055086717847,60.04275849999976,219548,99.99999999999999,Timed (Base case),"{'n_starts': 1, 'n_hops': 1000000, 'max_calculation_time': 60}"
IZZ,Base case,60,basin_hopping,basin_hopping,False,3,69.19054699791309,60.11644459999661,216521,100.0,Timed (Base case),"{'n_starts': 1, 'n_hops': 1000000, 'max_calculation_time': 60}"
IZZ,Base case,60,basin_hopping,basin_hopping,False,4,69.19054795881212,60.046828200000164,216125,99.99999999999878,Timed (Base case),"{'n_starts': 1, 'n_hops': 1000000, 'max_calculation_time': 60}"
IZZ,Base case,60,basin_hopping,basin_hopping,False,5,69.19054416110131,60.08897349999461,215264,100.00000000000001,Timed (Base case),"{'n_starts': 1, 'n_hops': 1000000, 'max_calculation_time': 60}"
IZZ,Base case,60,basin_hopping (spend all),basin_hopping,True,1,69.19054148348737,60.04274830000213,217993,100.0,Timed (Base case),"{'n_starts': 1, 'n_hops': 1000000, 'spend_all': True, 'max_calculation_time': 60}"
IZZ,Base case,60,basin_hopping (spend all),basin_hopping,True,2,69.19054610666116,60.07661160000134,215807,100.0,Timed (Base case),"{'n_starts': 1, 'n_hops': 1000000, 'spend_all': True, 'max_calculation_time': 60}"
IZZ,Base case,60,basin_hopping (spend all),basin_hopping,True,3,69.19054151186765,60.067754499999864,216973,100.00000000000001,Timed (Base case),"{'n_starts': 1, 'n_hops': 1000000, 'spend_all': True, 'max_calculation_time': 60}"
IZZ,Base case,60,basin_hopping (spend all),basin_hopping,True,4,69.19054349251795,60.05113469999924,213830,100.0,Timed (Base case),"{'n_starts': 1, 'n_hops': 1000000, 'spend_all': True, 'max_calculation_time': 60}"
IZZ,Base case,60,basin_hopping (spend all),basin_hopping,True,5,69.19055165820762,60.00073390000034,216833,100.0,Timed (Base case),"{'n_starts': 1, 'n_hops': 1000000, 'spend_all': True, 'max_calculation_time': 60}"
IZZ,Base case,60,genetic_algorithm,genetic_algorithm,False,1,69.19022422123393,60.00061200000346,224500,99.99999477852826,Timed (Base case),"{'population_size': 50, 'n_generations': 1000000, 'max_calculation_time': 60}"
IZZ,Base case,60,genetic_algorithm,genetic_algorithm,False,2,69.19028909744301,60.007615800001076,223300,99.9980336755554,Timed (Base case),"{'population_size': 50, 'n_generations': 1000000, 'max_calculation_time': 60}"
IZZ,Base case,60,genetic_algorithm,genetic_algorithm,False,3,69.19034050187217,60.00059709999914,223750,99.99999999999997,Timed (Base case),"{'population_size': 50, 'n_generations': 1000000, 'max_calculation_time': 60}"
IZZ,Base case,60,genetic_algorithm,genetic_algorithm,False,4,69.19032294966159,60.00105720000283,223600,99.99989528404197,Timed (Base case),"{'population_size': 50, 'n_generations': 1000000, 'max_calculation_time': 60}"
IZZ,Base case,60,genetic_algorithm,genetic_algorithm,False,5,69.1902463017691,60.0069547000021,224000,99.99999999999997,Timed (Base case),"{'population_size': 50, 'n_generations': 1000000, 'max_calculation_time': 60}"
IZZ,Base case,60,genetic_algorithm (spend all),genetic_algorithm,True,1,69.19037307184422,60.012452199996915,221700,100.0,Timed (Base case),"{'population_size': 50, 'n_generations': 1000000, 'spend_all': True, 'max_calculation_time': 60}"
IZZ,Base case,60,genetic_algorithm (spend all),genetic_algorithm,True,2,69.19055122729353,60.00790949999646,221000,100.00000000000001,Timed (Base case),"{'population_size': 50, 'n_generations': 1000000, 'spend_all': True, 'max_calculation_time': 60}"
IZZ,Base case,60,genetic_algorithm (spend all),genetic_algorithm,True,3,69.19046072210807,60.00046709999879,222500,100.0,Timed (Base case),"{'population_size': 50, 'n_generations': 1000000, 'spend_all': True, 'max_calculation_time': 60}"
IZZ,Base case,60,genetic_algorithm (spend all),genetic_algorithm,True,4,69.1902278762604,60.00988040000084,221100,100.0,Timed (Base case),"{'population_size': 50, 'n_generations': 1000000, 'spend_all': True, 'max_calculation_time': 60}"
IZZ,Base case,60,genetic_algorithm (spend all),genetic_algorithm,True,5,69.19029780585369,60.01197050000337,224100,100.00000000000003,Timed (Base case),"{'population_size': 50, 'n_generations': 1000000, 'spend_all': True, 'max_calculation_time': 60}"
IZZ,Base case,60,mdbh,mdbh,False,1,69.19025370774085,60.001218899997184,241643,99.9994125772016,Timed (Base case),"{'n_starts': 10000, 'n_hops': 10, 'n_local_steps': 50, 'max_calculation_time': 60}"
IZZ,Base case,60,mdbh,mdbh,False,2,69.19036389236751,60.001689600001555,243955,99.99994274149442,Timed (Base case),"{'n_starts': 10000, 'n_hops': 10, 'n_local_steps': 50, 'max_calculation_time': 60}"
IZZ,Base case,60,mdbh,mdbh,False,3,69.19032188252324,60.0019656000004,240082,99.9718014339328,Timed (Base case),"{'n_starts': 10000, 'n_hops': 10, 'n_local_steps': 50, 'max_calculation_time': 60}"
IZZ,Base case,60,mdbh,mdbh,False,4,69.19041242346631,60.00012059999426,241009,99.9762364508914,Timed (Base case),"{'n_starts': 10000, 'n_hops': 10, 'n_local_steps': 50, 'max_calculation_time': 60}"
IZZ,Base case,60,mdbh,mdbh,False,5,69.19027076973205,60.00197079999634,243515,99.99960137458362,Timed (Base case),"{'n_starts': 10000, 'n_hops': 10, 'n_local_steps': 50, 'max_calculation_time': 60}"
IZZ,Base case,120,grid,grid,False,0,69.09675351367027,120.00006310000026,475744,100.0,Timed (Base case),{'max_calculation_time': 120}
IZZ,Base case,120,grid (capped),grid_capped,False,0,69.09675351367027,120.00012409999908,475901,100.0,Timed (Base case),{'max_calculation_time': 120}
IZZ,Base case,120,slsqp,slsqp,False,1,69.19055229464331,120.06041520000144,437948,99.99999999999997,Timed (Base case),"{'n_starts': 10000, 'max_calculation_time': 120}"
IZZ,Base case,120,slsqp,slsqp,False,2,69.1905507986831,120.03718979999394,432192,100.0,Timed (Base case),"{'n_starts': 10000, 'max_calculation_time': 120}"
IZZ,Base case,120,slsqp,slsqp,False,3,69.19054896642581,120.02245740000217,443349,100.0,Timed (Base case),"{'n_starts': 10000, 'max_calculation_time': 120}"
IZZ,Base case,120,slsqp,slsqp,False,4,69.1905479296398,120.01461710000149,438226,100.0,Timed (Base case),"{'n_starts': 10000, 'max_calculation_time': 120}"
IZZ,Base case,120,slsqp,slsqp,False,5,69.1905515509028,120.01474769999913,437984,99.99999999999999,Timed (Base case),"{'n_starts': 10000, 'max_calculation_time': 120}"
IZZ,Base case,120,slsqp (spend all),slsqp,True,1,69.19055055080993,120.00832529999752,440373,100.0,Timed (Base case),"{'n_starts': 10000, 'spend_all': True, 'max_calculation_time': 120}"
IZZ,Base case,120,slsqp (spend all),slsqp,True,2,69.1905494728691,120.02963569999702,435476,100.0,Timed (Base case),"{'n_starts': 10000, 'spend_all': True, 'max_calculation_time': 120}"
IZZ,Base case,120,slsqp (spend all),slsqp,True,3,69.19055001030402,120.03845079999883,440432,100.0,Timed (Base case),"{'n_starts': 10000, 'spend_all': True, 'max_calculation_time': 120}"
IZZ,Base case,120,slsqp (spend all),slsqp,True,4,69.19054349251795,120.03782360000332,437151,100.0,Timed (Base case),"{'n_starts': 10000, 'spend_all': True, 'max_calculation_time': 120}"
IZZ,Base case,120,slsqp (spend all),slsqp,True,5,69.19054981925213,120.03864979999344,438090,99.99999999999997,Timed (Base case),"{'n_starts': 10000, 'spend_all': True, 'max_calculation_time': 120}"
IZZ,Base case,120,basin_hopping,basin_hopping,False,1,69.19055127505627,120.06856870000047,442469,100.0,Timed (Base case),"{'n_starts': 1, 'n_hops': 1000000, 'max_calculation_time': 120}"
IZZ,Base case,120,basin_hopping,basin_hopping,False,2,69.19055086717847,120.04432579999411,436722,99.99999999999999,Timed (Base case),"{'n_starts': 1, 'n_hops': 1000000, 'max_calculation_time': 120}"
IZZ,Base case,120,basin_hopping,basin_hopping,False,3,69.19054699791309,120.03263919999881,434953,100.0,Timed (Base case),"{'n_starts': 1, 'n_hops': 1000000, 'max_calculation_time': 120}"
IZZ,Base case,120,basin_hopping,basin_hopping,False,4,69.19055219146017,120.17245430000185,425551,100.0,Timed (Base case),"{'n_starts': 1, 'n_hops': 1000000, 'max_calculation_time': 120}"
IZZ,Base case,120,basin_hopping,basin_hopping,False,5,69.19054629982904,120.03214730000036,433576,100.0,Timed (Base case),"{'n_starts': 1, 'n_hops': 1000000, 'max_calculation_time': 120}"
IZZ,Base case,120,basin_hopping (spend all),basin_hopping,True,1,69.19054148348737,120.05684299999848,438864,100.0,Timed (Base case),"{'n_starts': 1, 'n_hops': 1000000, 'spend_all': True, 'max_calculation_time': 120}"
IZZ,Base case,120,basin_hopping (spend all),basin_hopping,True,2,69.19055169489118,120.07135089999792,437250,100.0,Timed (Base case),"{'n_starts': 1, 'n_hops': 1000000, 'spend_all': True, 'max_calculation_time': 120}"
IZZ,Base case,120,basin_hopping (spend all),basin_hopping,True,3,69.19054399974675,120.02303359999496,440292,99.99999999999999,Timed (Base case),"{'n_starts': 1, 'n_hops': 1000000, 'spend_all': True, 'max_calculation_time': 120}"
IZZ,Base case,120,basin_hopping (spend all),basin_hopping,True,4,69.19055179392842,120.01933790000476,439453,100.0,Timed (Base case),"{'n_starts': 1, 'n_hops': 1000000, 'spend_all': True, 'max_calculation_time': 120}"
IZZ,Base case,120,basin_hopping (spend all),basin_hopping,True,5,69.19055165820762,120.05666129999736,438600,100.0,Timed (Base case),"{'n_starts': 1, 'n_hops': 1000000, 'spend_all': True, 'max_calculation_time': 120}"
IZZ,Base case,120,genetic_algorithm,genetic_algorithm,False,1,69.19022422123396,120.00093979999656,454050,99.99999477852822,Timed (Base case),"{'population_size': 50, 'n_generations': 1000000, 'max_calculation_time': 120}"
IZZ,Base case,120,genetic_algorithm,genetic_algorithm,False,2,69.19029429725425,120.00189550000505,453650,99.99999999999994,Timed (Base case),"{'population_size': 50, 'n_generations': 1000000, 'max_calculation_time': 120}"
IZZ,Base case,120,genetic_algorithm,genetic_algorithm,False,3,69.19034056594701,120.00377109999681,455100,99.99999999999999,Timed (Base case),"{'population_size': 50, 'n_generations': 1000000, 'max_calculation_time': 120}"
IZZ,Base case,120,genetic_algorithm,genetic_algorithm,False,4,69.1903235317522,120.00789230000373,454450,99.99994551553341,Timed (Base case),"{'population_size': 50, 'n_generations': 1000000, 'max_calculation_time': 120}"
IZZ,Base case,120,genetic_algorithm,genetic_algorithm,False,5,69.19024674831408,120.01314110000385,455250,99.99996561705478,Timed (Base case),"{'population_size': 50, 'n_generations': 1000000, 'max_calculation_time': 120}"
IZZ,Base case,120,genetic_algorithm (spend all),genetic_algorithm,True,1,69.19039981799355,120.0014805000028,455450,100.0,Timed (Base case),"{'population_size': 50, 'n_generations': 1000000, 'spend_all': True, 'max_calculation_time': 120}"
IZZ,Base case,120,genetic_algorithm (spend all),genetic_algorithm,True,2,69.19055274009611,120.01068550000491,452250,100.0,Timed (Base case),"{'population_size': 50, 'n_generations': 1000000, 'spend_all': True, 'max_calculation_time': 120}"
IZZ,Base case,120,genetic_algorithm (spend all),genetic_algorithm,True,3,69.1904641948329,120.00918610000372,450600,100.0,Timed (Base case),"{'population_size': 50, 'n_generations': 1000000, 'spend_all': True, 'max_calculation_time': 120}"
IZZ,Base case,120,genetic_algorithm (spend all),genetic_algorithm,True,4,69.1902322132887,120.0066791000063,451100,100.0,Timed (Base case),"{'population_size': 50, 'n_generations': 1000000, 'spend_all': True, 'max_calculation_time': 120}"
IZZ,Base case,120,genetic_algorithm (spend all),genetic_algorithm,True,5,69.19029909767517,120.01223300000129,456050,100.0,Timed (Base case),"{'population_size': 50, 'n_generations': 1000000, 'spend_all': True, 'max_calculation_time': 120}"
IZZ,Base case,120,mdbh,mdbh,False,1,69.19032225034826,120.00067080000008,487066,99.99996478684069,Timed (Base case),"{'n_starts': 10000, 'n_hops': 10, 'n_local_steps': 50, 'max_calculation_time': 120}"
IZZ,Base case,120,mdbh,mdbh,False,2,69.1903797918113,120.00015980000171,490206,99.9936753266892,Timed (Base case),"{'n_starts': 10000, 'n_hops': 10, 'n_local_steps': 50, 'max_calculation_time': 120}"
IZZ,Base case,120,mdbh,mdbh,False,3,69.19047709095159,120.00082019999536,484999,99.99954697642228,Timed (Base case),"{'n_starts': 10000, 'n_hops': 10, 'n_local_steps': 50, 'max_calculation_time': 120}"
IZZ,Base case,120,mdbh,mdbh,False,4,69.19045025138675,120.00168580000172,485796,99.9999998997946,Timed (Base case),"{'n_starts': 10000, 'n_hops': 10, 'n_local_steps': 50, 'max_calculation_time': 120}"
IZZ,Base case,120,mdbh,mdbh,False,5,69.19042034216632,120.00143260000186,484785,99.99981398300407,Timed (Base case),"{'n_starts': 10000, 'n_hops': 10, 'n_local_steps': 50, 'max_calculation_time': 120}"
