variant,k,method,n,gap_median,gap_q1,gap_q3,gap_max,runtime_median_s
linear,2,basin_hopping,30,-1.583163822260758e-08,-2.983840019510353e-08,-9.116121191254933e-09,-3.6364014022183255e-09,0.11750830001255963
linear,3,basin_hopping,30,-4.9611251995429484e-08,-6.843617583740524e-08,-2.8577868960155683e-08,-2.0567114233926986e-08,0.2060483500099508
linear,4,basin_hopping,30,-1.770328879047156e-07,-2.421836775567954e-07,-8.922689076484858e-08,-2.8584821620825096e-08,0.27726600000460166
linear,6,basin_hopping,30,-3.533851469228466e-07,-4.1475044909589087e-07,-1.9431393738500446e-07,-1.1599522053984401e-07,0.5343919000006281
linear,9,basin_hopping,30,-4.1981095932897006e-07,-6.480908503192495e-07,-3.7860486301610763e-07,-2.3062237630711024e-07,2.0283597499947064
linear,12,basin_hopping,30,-7.627712648172746e-07,-1.6351089655586293e-06,-4.509418012332844e-07,-3.2028928842464666e-07,3.331785899994429
linear,15,basin_hopping,30,-1.1203997729580806e-06,-2.2071149388125377e-06,-4.5501043643980665e-07,-2.0076463158602564e-07,4.409270300006028
linear,2,genetic_algorithm,30,0.0,0.0,0.0,0.0,2.312064300000202
linear,3,genetic_algorithm,30,0.0,0.0,0.0,0.2902936841684607,2.6504140000179177
linear,4,genetic_algorithm,30,0.09448097008441891,0.0,0.5231327296763482,1.2621709508031387,2.9999548999912804
linear,6,genetic_algorithm,30,0.8638463836896975,0.48575812406339836,1.2044513689478151,2.3925782380916445,4.442712749980274
linear,9,genetic_algorithm,30,1.840606467551062,1.1801058013035473,2.677039622478233,5.436224118099304,9.129320199994254
linear,12,genetic_algorithm,29,2.8041133342389344,2.0231646586727834,3.556557974713897,6.100396845983909,14.095059499988565
linear,15,genetic_algorithm,30,3.4663961739831066,2.3700605902423533,5.2559053205196555,8.977408629707426,15.424477799970191
linear,2,grid,30,0.0,0.0,0.0,0.0,0.5744690499996068
linear,3,grid,30,0.0,0.0,0.0,0.0,24.904128750000382
linear,4,grid,30,0.0,0.0,0.0,0.0,22.049330549998558
linear,6,grid,30,0.0,0.0,0.0,0.0,77.33452314999886
linear,9,grid,25,0.0,0.0,0.0,0.0,129.93965280000702
linear,12,grid,10,0.0,0.0,0.0,0.0,513.6311841499992
linear,2,slsqp,30,-2.9081263619445963e-08,-3.958176719720541e-08,-1.601094368197664e-08,-7.357243703154381e-09,0.5218832499958808
linear,3,slsqp,30,-5.819734383294417e-08,-9.94652289421083e-08,-3.8152986547856926e-08,-2.461412407228636e-08,0.790151050008717
linear,4,slsqp,30,-1.9773578685544635e-07,-2.6820762144552646e-07,-1.1762785945279575e-07,-7.395657064535044e-08,1.0808089000056498
linear,6,slsqp,30,-3.904887790895373e-07,-4.3424956075455157e-07,-3.2209495159918333e-07,-1.9217951319205895e-07,2.174942599987844
linear,9,slsqp,30,-4.909480324499782e-07,-9.022796589874815e-07,-4.593259177454456e-07,-3.696569450539755e-07,6.488649750011973
linear,12,slsqp,30,-6.911737955306307e-07,-1.93449346497232e-06,-4.85316665077562e-07,-4.0751757524049026e-07,13.952730100005283
linear,15,slsqp,30,-7.447282683870071e-07,-3.200874090225625e-06,-4.568771743151956e-07,-2.716905100896838e-07,17.77076569997007
sinusoidal,2,basin_hopping,30,-5.185540885577211e-10,-1.1733121141332958e-09,-1.4810552784183528e-10,1.9105073079117574e-10,0.14780144998803735
sinusoidal,3,basin_hopping,30,-8.299778642140154e-10,-1.4899761424658209e-09,-1.412061578776047e-10,3.321076746942708e-11,0.3292331000266131
sinusoidal,4,basin_hopping,30,-4.097522321444558e-09,-1.3840470103332336e-08,-2.176907543116613e-09,2.8990143619012088e-11,0.7262646500312258
sinusoidal,6,basin_hopping,30,-6.558664722433605e-09,-2.3380316349630448e-08,-3.157246908358502e-09,-1.000444171950221e-11,1.4431239999830723
sinusoidal,9,basin_hopping,30,-1.9786376981301146e-08,-4.203200631991422e-08,-7.654950451296827e-09,-3.475548737696954e-10,3.59538959999918
sinusoidal,12,basin_hopping,30,-3.563325634559078e-08,-7.886772834808653e-08,-1.6884786901982807e-08,-4.163425160186307e-09,6.182038749975618
sinusoidal,15,basin_hopping,30,-6.056575330148917e-08,-1.1368379659870698e-07,-1.7866902624064096e-08,-7.607638963236241e-10,11.563339699991047
sinusoidal,2,genetic_algorithm,30,0.0,0.0,2.7195667939849955e-10,9.36427113629179e-09,2.37178904999746
sinusoidal,3,genetic_algorithm,30,1.4193801689543761e-10,0.0,2.9570408344170573e-09,1.5927917615954357e-06,2.43776595001691
sinusoidal,4,genetic_algorithm,30,4.5151683281119404e-07,2.851763269973162e-11,0.001041103972113433,0.21780118457120068,3.8414796500001103
sinusoidal,6,genetic_algorithm,30,0.06420066887375242,0.0016399756388914,0.14143312477715853,0.6655513647337301,4.6596360499970615
sinusoidal,9,genetic_algorithm,30,0.21745992088401778,0.1622743199378327,0.4293535697280717,0.7273126297901626,7.480727800022578
sinusoidal,12,genetic_algorithm,30,0.4315582123091133,0.26220220971492836,0.7103449751555324,2.0862563994327417,10.33790779998526
sinusoidal,15,genetic_algorithm,30,0.8204783560845996,0.6835968980010385,1.1011822767564894,1.8289266847164356,14.436158650030848
sinusoidal,2,grid,30,0.0,0.0,5.368523225968147e-07,1.2358675434143152e-05,0.6415878499974497
sinusoidal,3,grid,30,1.4669064185568459e-06,0.0,1.4982191288481772e-05,0.00019168690565152247,21.242973949963925
sinusoidal,4,grid,30,6.054059610960394e-06,0.0,0.00015210501908669016,0.0011369680486552625,42.42012255001464
sinusoidal,6,grid,30,0.0007267721387336223,4.5905826283387796e-05,0.00291036228895436,0.008763431832022661,120.92936350000673
sinusoidal,9,grid,30,0.0069991434242453465,0.0030420693329311632,0.01277051044921862,0.043869331771091424,109.54438884998672
sinusoidal,12,grid,9,0.015086168985192216,0.007505302826430693,0.0550122602201526,0.13397846067853436,566.9908043000032
sinusoidal,2,slsqp,30,-5.274216619000072e-10,-7.998650630725024e-10,-3.369784451479063e-10,8.640199666842818e-12,0.6503910500032362
sinusoidal,3,slsqp,30,-1.2469527632674726e-09,-2.4348842941890325e-09,-5.842615280471364e-10,-2.1245227799226996e-11,1.4263075000199024
sinusoidal,4,slsqp,30,-4.626258487405721e-09,-8.7563556405712e-09,-2.2287345302629546e-09,-5.049116680311272e-11,2.9504426500061527
sinusoidal,6,slsqp,30,-1.1898805496457499e-08,-3.256956659924981e-08,-6.172754751787579e-09,-2.0193624550302047e-11,5.118022049980937
sinusoidal,9,slsqp,30,-3.768889200728154e-08,-5.705852501591835e-08,-1.3911652274600783e-08,-1.7895729342853883e-10,13.965631099999882
sinusoidal,12,slsqp,30,-4.5118326852389146e-08,-1.4281312488151343e-07,-2.137648635880396e-08,-2.1051960175100248e-10,28.30978275000234
sinusoidal,15,slsqp,30,-1.0760384583363702e-07,-2.464588817474578e-07,-2.3989329633877787e-08,9.545857437842642e-10,43.05415735000861
