case_name,k,scenario,reference,gap_face,gap_capped,closed_by_capping,spend_face,spend_capped
Beerwiser,2,Base case,65.7115899862911,0.0,0.0,0.0,1.0,1.0
Beerwiser,2,Optimistic,65.95490739279879,0.0,0.0,0.0,1.0,1.0
Beerwiser,2,Pessimistic,83.33333333333333,0.0,0.0,0.0,1.0,1.0
IZZ,9,Base case,69.19053246952963,0.11693590784574326,0.45831421881037215,-0.3413783109646289,1.0,1.0
IZZ,9,Optimistic,69.19072165342577,0.06278302647362466,0.06595927525773959,-0.0031762487841149323,1.0,1.0
IZZ,9,Pessimistic,61.62763403081765,1.0639380167395984,0.748386567706568,0.31555144903303045,1.0,1.0
Refugee,5,Base case,96.86885868619798,0.060426868259710886,0.41333891566840464,-0.35291204740869375,1.0,1.0
Refugee,5,Labour optimistic,99.92673938905331,0.007657242404448539,0.05286063150397524,-0.0452033890995267,1.0,1.0
Refugee,5,Labour pessimistic,76.9930604653525,0.18854211220443062,0.18854211220443062,0.0,1.0,1.0
